"article_id","score"
1,0
4,0
7,0
8,0
9,0
13,0
17,0
19,0
20,0
23,0
25,0
35,0
37,0
40,0
42,0
43,0
47,0
49,0
50,0
58,0
63,0
65,0
68,0
69,0
74,0
87,0
88,0
96,0
97,0
101,1
105,0
108,0
112,0
113,1
114,1
115,0
116,0
118,1
121,0
122,0
125,0
128,0
135,0
137,1
138,1
141,0
143,0
146,1
147,0
150,0
156,0
161,0
167,0
168,0
171,0
175,0
176,0
177,1
186,0
189,0
190,0
194,0
196,0
198,0
201,0
204,0
207,1
223,0
229,0
234,0
236,1
238,0
241,0
251,0
252,1
257,0
271,1
272,0
273,0
275,0
278,0
281,0
283,0
296,0
299,1
301,0
306,0
309,0
312,0
317,1
318,1
323,0
327,1
329,1
332,0
335,1
341,0
343,1
344,1
345,1
348,1
350,1
351,1
354,1
355,1
359,0
360,0
363,1
368,0
374,0
375,0
378,1
379,1
388,0
389,1
395,0
398,1
402,0
404,0
409,0
410,1
413,0
415,0
418,0
426,0
429,1
431,0
434,0
440,1
446,0
447,0
454,0
457,1
460,1
462,1
467,0
469,1
470,0
477,0
478,1
480,0
481,0
483,0
484,0
485,0
487,0
490,0
492,0
494,1
495,1
496,0
498,1
505,0
506,0
507,0
509,0
511,0
512,0
517,0
520,0
522,0
523,1
525,1
532,1
534,1
536,1
537,1
540,1
550,0
557,0
563,0
564,0
575,1
593,0
594,0
595,0
596,1
599,0
600,1
603,0
604,0
605,1
607,0
609,0
611,1
614,1
615,0
620,0
622,0
624,0
625,1
626,1
633,0
636,1
637,1
638,1
647,1
648,0
650,0
653,0
654,0
658,0
660,1
664,0
665,0
669,0
671,1
673,1
677,1
679,0
681,0
686,0
687,0
694,1
696,1
699,1
700,1
704,1
706,0
709,0
712,1
713,0
714,1
715,1
717,0
718,1
719,1
722,1
723,1
724,0
727,1
730,1
735,1
737,1
742,1
747,0
748,0
749,0
750,1
753,0
755,0
756,0
761,1
765,1
766,1
767,0
771,0
772,1
774,0
776,0
777,0
785,1
787,0
794,1
796,0
798,0
803,1
812,1
814,1
816,0
818,0
819,0
825,0
826,0
827,1
831,0
850,1
852,1
854,1
855,1
863,1
873,0
880,0
881,1
891,0
892,1
893,0
897,0
898,0
900,0
902,0
904,0
905,0
908,0
909,0
920,1
921,0
923,0
929,0
933,0
934,0
937,1
939,0
940,0
944,0
947,0
948,0
956,1
957,0
961,0
964,0
970,0
973,0
974,0
975,0
978,1
982,0
988,0
998,1
999,0
1004,1
1005,1
1010,0
1011,0
1013,0
1015,1
1022,0
1026,0
1027,1
1030,1
1038,0
1040,1
1044,0
1048,1
1054,0
1055,0
1056,0
1058,0
1060,0
1063,1
1067,0
1068,1
1071,0
1073,1
1076,1
1078,0
1092,0
1094,1
1098,0
1102,0
1103,0
1108,1
1113,0
1118,1
1122,1
1123,1
1125,1
1126,1
1139,1
1142,1
1144,1
1147,1
1154,1
1157,1
1167,0
1168,0
1173,0
1175,1
1180,1
1183,0
1187,1
1189,1
1191,0
1192,0
1198,1
1199,1
1200,1
1205,0
1208,0
1210,0
1211,1
1215,0
1217,0
1220,0
1222,1
1225,1
1226,1
1231,1
1232,1
1235,0
1244,1
1249,1
1250,0
1252,1
1275,0
1279,1
1284,0
1288,0
1293,1
1294,0
1298,0
1299,0
1307,1
1309,0
1310,0
1312,1
1313,0
1324,1
1326,1
1334,0
1343,0
1346,1
1354,0
1359,0
1363,0
1364,1
1370,1
1371,0
1379,0
1381,0
1382,0
1385,0
1386,0
1392,0
1395,0
1396,0
1398,0
1399,0
1400,0
1404,0
1407,1
1411,0
1414,0
1415,0
1417,0
1421,1
1424,0
1425,1
1430,0
1431,1
1439,0
1440,0
1446,0
1449,0
1453,0
1454,0
1458,0
1462,1
1466,1
1468,1
1474,0
1475,0
1479,0
1486,1
1494,0
1495,1
1497,0
1498,0
1499,0
1500,1
1510,0
1511,0
1515,1
1523,1
1539,1
1541,0
1543,0
1548,1
1552,0
1555,1
1557,1
1561,1
1562,0
1575,1
1578,1
1586,1
1587,1
1589,1
1590,0
1591,0
1596,1
1599,0
1602,1
1610,0
1617,1
1620,0
1627,1
1630,0
1636,0
1640,0
1641,0
1644,0
1647,0
1657,0
1658,0
1660,1
1661,1
1662,0
1667,1
1670,0
1673,1
1677,0
1678,1
1682,0
1684,0
1685,0
1691,0
1693,1
1697,1
1698,0
1705,1
1706,1
1707,0
1711,0
1712,1
1713,0
1715,0
1717,0
1718,1
1727,1
1737,0
1740,0
1743,0
1748,0
1753,1
1754,0
1755,1
1756,0
1759,1
1760,1
1763,1
1764,0
1765,0
1768,0
1769,1
1776,0
1782,0
1789,1
1791,0
1794,0
1796,0
1801,0
1803,1
1806,0
1816,0
1817,0
1818,1
1821,0
1822,0
1826,0
1827,0
1829,0
1833,0
1847,0
1854,0
1855,1
1857,0
1859,1
1860,0
1861,1
1865,0
1869,0
1871,1
1872,0
1874,1
1875,0
1876,1
1877,0
1878,0
1879,1
1881,1
1888,0
1895,0
1896,0
1898,0
1899,0
1902,1
1906,1
1907,0
1908,0
1910,1
1911,1
1912,0
1915,1
1920,0
1921,0
1924,0
1925,1
1926,0
1932,1
1938,1
1942,0
1953,0
1954,1
1956,0
1958,0
1960,0
1965,1
1974,1
1975,1
1980,1
1982,1
1983,1
1985,0
1994,1
1997,1
1999,1
2001,1
2005,0
2007,0
2008,0
2009,0
2016,1
2017,1
2018,0
2019,0
2021,0
2023,0
2025,1
2031,1
2035,0
2038,1
2043,0
2044,0
2046,1
2049,0
2051,0
2052,0
2054,0
2055,0
2062,1
2068,1
2069,1
2074,0
2078,0
2079,1
2084,0
2085,1
2088,0
2093,0
2102,0
2106,0
2108,1
2112,0
2114,0
2115,0
2120,0
2121,1
2122,0
2129,0
2139,0
2140,0
2142,1
2146,1
2147,1
2153,0
2166,0
2167,0
2172,1
2173,1
2181,1
2182,1
2186,0
2187,1
2192,1
2196,0
2200,0
2202,1
2204,0
2205,1
2206,1
2209,1
2211,0
2213,1
2217,1
2218,0
2219,0
2220,0
2236,1
2241,0
2242,0
2243,0
2254,1
2258,1
2260,0
2262,0
2265,0
2268,1
2271,0
2273,1
2274,0
2276,1
2277,1
2278,0
2285,1
2288,1
2289,0
2294,0
2295,1
2302,0
2308,1
2309,1
2315,1
2317,1
2319,1
2327,1
2330,0
2332,0
2333,0
2337,1
2341,1
2344,1
2346,0
2348,0
2349,0
2350,1
2352,0
2354,1
2362,1
2363,0
2366,0
2374,1
2375,0
2378,0
2379,0
2380,1
2381,1
2382,0
2387,1
2388,1
2395,1
2396,1
2401,0
2402,1
2406,0
2410,1
2412,1
2416,1
2419,0
2421,1
2422,1
2424,1
2427,0
2431,0
2433,0
2437,1
2440,1
2441,0
2443,1
2444,1
2447,1
2449,1
2461,0
2462,1
2468,1
2470,1
2472,0
2478,1
2482,0
2483,1
2485,1
2490,1
2499,0
2500,1
2501,1
2503,0
2506,0
2509,1
2520,0
2527,1
2528,0
2529,0
2530,1
2537,0
2547,0
2555,1
2558,0
2562,0
2563,1
2565,1
2569,0
2570,1
2571,1
2573,1
2580,0
2581,0
2582,0
2583,1
2584,1
2589,1
2596,0
2601,0
2605,0
2607,1
2609,0
2612,1
2619,0
2621,0
2631,1
2636,1
2640,1
2642,0
2651,1
2652,1
2653,1
2654,1
2656,0
2659,0
2667,1
2675,1
2677,0
2679,0
2683,1
2685,0
2688,1
2692,1
2703,0
2709,0
2710,0
2714,0
2716,1
2717,0
2723,0
2725,0
2726,1
2727,0
2729,1
2731,1
2733,1
2735,0
2736,0
2742,1
2743,1
2747,1
2751,1
2752,0
2757,1
2772,1
2773,1
2774,1
2775,1
2781,1
2783,1
2789,1
2796,0
2798,0
2799,1
2802,0
2804,0
2809,1
2813,0
2814,1
2815,1
2818,0
2821,1
2826,0
2831,1
2832,0
2836,0
2840,0
2842,0
2846,0
2854,1
2866,1
2870,0
2872,1
2876,0
2878,0
2880,0
2884,0
2885,0
2887,1
2891,0
2901,0
2906,1
2910,0
2912,1
2920,1
2930,0
2936,1
2937,0
2940,1
2947,1
2949,0
2953,0
2954,1
2956,0
2958,1
2963,0
2965,0
2966,0
2972,1
2975,0
2978,0
2980,0
2984,0
2985,0
2989,0
2991,1
2992,1
2996,1
2998,1
3005,1
3008,1
3009,0
3012,1
3014,1
3031,1
3034,0
3035,0
3036,0
3037,0
3038,0
3041,1
3042,0
3044,1
3046,0
3048,0
3050,0
3052,0
3053,0
3060,0
3062,1
3070,0
3078,0
3079,0
3084,1
3091,0
3092,1
3093,0
3094,1
3098,1
3099,0
3103,0
3104,0
3107,0
3113,0
3114,0
3117,1
3118,1
3124,0
3127,0
3130,1
3138,1
3145,1
3147,1
3151,1
3152,1
3157,1
3166,1
3168,1
3173,0
3179,1
3180,1
3182,1
3185,0
3192,1
3201,0
3202,0
3206,1
3207,1
3208,1
3211,1
3213,1
3220,0
3222,0
3223,0
3226,0
3228,0
3229,0
3232,1
3235,1
3250,1
3251,0
3255,0
3262,1
3263,1
3266,0
3267,0
3268,0
3270,0
3271,0
3273,1
3275,1
3276,1
3283,0
3287,1
3290,0
3297,0
3303,1
3304,0
3306,0
3307,0
3308,0
3314,0
3316,1
3320,1
3322,0
3329,1
3330,1
3332,1
3335,1
3336,1
3346,0
3355,1
3359,1
3363,1
3367,0
3368,0
3374,1
3378,0
3379,0
3383,1
3386,0
3388,0
3390,0
3392,1
3394,1
3395,1
3396,0
3397,0
3398,0
3402,0
3403,1
3404,1
3410,0
3412,1
3422,0
3423,0
3424,0
3428,0
3430,0
3431,0
3432,1
3434,1
3438,1
3440,1
3441,1
3446,0
3447,1
3449,1
3450,0
3451,1
3460,0
3463,1
3464,0
3465,1
3466,0
3468,1
3470,1
3473,0
3474,0
3476,1
3477,0
3482,0
3486,0
3487,1
3488,1
3489,1
3490,1
3502,0
3509,1
3510,1
3514,1
3516,0
3522,1
3524,1
3525,1
3538,1
3540,1
3543,1
3544,1
3553,1
3554,1
3556,1
3557,1
3564,0
3569,1
3570,0
3575,0
3578,1
3591,1
3603,0
3605,1
3612,1
3613,0
3615,1
3617,1
3618,1
3619,1
3625,1
3631,1
3634,1
3636,0
3637,0
3642,1
3645,1
3647,1
3650,0
3651,0
3653,1
3654,1
3656,1
3660,1
3668,1
3669,0
3674,1
3675,0
3676,0
3678,0
3689,1
3693,1
3696,1
3702,1
3704,0
3709,0
3710,1
3712,0
3713,1
3716,1
3717,1
3718,0
3721,1
3723,0
3728,0
3734,1
3735,1
3739,1
3741,0
3744,0
3745,0
3746,0
3747,1
3754,0
3756,1
3757,1
3763,1
3767,1
3768,1
3771,0
3772,1
3774,0
3786,1
3787,1
3791,0
3795,0
3796,1
3798,0
3800,0
3801,1
3803,1
3804,1
3805,0
3809,1
3810,0
3820,1
3827,1
3828,1
3834,1
3835,1
3838,1
3839,1
3840,1
3847,0
3850,0
3851,0
3858,0
3861,1
3863,0
3870,0
3873,0
3874,1
3875,1
3877,0
3879,1
3881,1
3887,0
3889,0
3893,1
3898,1
3905,1
3910,1
3914,1
3916,1
3917,1
3918,1
3921,1
3923,1
3932,1
3934,0
3937,1
3938,1
3941,1
3942,1
3943,1
3944,1
3947,1
3954,0
3960,1
3964,1
3965,1
3968,0
3969,0
3977,1
3979,1
3984,1
3986,0
3989,1
3991,0
3997,0
4001,1
4004,0
4006,0
4007,1
4011,1
4018,0
4020,0
4023,0
4025,1
4029,1
4031,1
4041,1
4045,0
4047,0
4053,1
4055,1
4058,0
4060,1
4063,0
4065,1
4066,0
4067,1
4070,1
4071,1
4073,1
4074,0
4077,1
4080,0
4084,0
4086,1
4087,0
4088,1
4091,0
4095,0
4096,0
4097,0
4100,0
4109,1
4125,1
4126,0
4134,0
4138,0
4145,1
4150,0
4152,1
4160,1
4163,1
4165,1
4174,1
4186,0
4187,1
4191,0
4204,1
4208,0
4211,1
4212,0
4217,1
4225,1
4231,1
4233,1
4234,0
4235,0
4237,0
4238,1
4246,1
4252,0
4254,0
4255,1
4256,1
4262,1
4265,1
4267,1
4268,1
4271,1
4273,1
4277,1
4280,1
4284,1
4291,1
4298,1
4300,1
4301,1
4306,1
4311,1
4314,1
4324,1
4326,0
4329,1
4330,0
4337,1
4338,1
4341,0
4350,0
4352,0
4356,1
4360,1
4367,1
4375,1
4380,1
4383,1
4386,0
4388,0
4406,0
4407,1
4410,0
4415,1
4418,1
4421,0
4423,0
4425,0
4429,1
4432,1
4434,1
4438,0
4441,0
4445,0
4447,1
4448,0
4453,1
4457,0
4461,1
4465,0
4472,0
4478,1
4479,0
4480,0
4481,0
4485,0
4489,0
4497,1
4502,1
4505,0
4506,1
4510,0
4511,0
4512,1
4513,0
4515,1
4517,1
4518,0
4520,0
4521,0
4522,1
4526,1
4541,1
4548,1
4558,0
4563,0
4566,1
4567,0
4570,1
4572,0
4573,0
4579,1
4584,0
4585,1
4587,0
4588,0
4594,1
4595,1
4598,0
4600,0
4603,1
4604,1
4605,1
4608,1
4609,0
4612,1
4613,1
4614,1
4618,1
4622,1
4623,1
4625,1
4628,1
4636,1
4639,1
4640,1
4643,1
4648,1
4650,1
4652,0
4654,1
4655,0
4661,1
4670,1
4671,0
4683,1
4685,1
4688,1
4696,1
4705,0
4706,0
4709,1
4710,1
4711,1
4713,1
4715,1
4718,1
4719,1
4721,0
4722,0
4723,0
4724,1
4734,0
4735,1
4739,0
4744,0
4748,0
4749,1
4751,1
4753,0
4758,0
4762,1
4763,1
4768,0
4769,0
4770,0
4772,0
4773,0
4774,0
4775,1
4776,1
4777,1
4779,0
4782,1
4787,1
4789,1
4793,1
4799,0
4805,1
4811,0
4814,0
4815,0
4816,0
4817,0
4818,1
4823,1
4826,1
4827,1
4829,0
4830,1
4833,1
4834,0
4836,0
4842,0
4849,0
4858,1
4859,0
4864,0
4865,0
4868,1
4872,1
4875,1
4878,1
4882,0
4897,1
4899,1
4901,1
4904,0
4908,1
4917,0
4920,1
4923,0
4931,0
4932,0
4933,1
4934,1
4935,0
4944,1
4947,0
4950,0
4954,0
4955,0
4964,1
4967,1
4969,1
4971,1
4973,1
4976,0
4977,1
4982,0
4988,0
4999,1
5000,1
5005,1
5009,0
5010,1
5011,0
5015,1
5018,0
5020,1
5023,0
5024,0
5030,0
5031,1
5042,1
5044,1
5046,1
5047,0
5048,1
5050,1
5051,0
5053,0
5059,0
5060,0
5065,0
5068,1
5076,0
5081,1
5082,0
5085,0
5092,1
5093,1
5099,1
5105,1
5107,1
5110,1
5111,0
5113,0
5114,1
5115,1
5116,0
5125,1
5126,1
5127,0
5128,0
5130,1
5136,0
5143,1
5146,1
5148,1
5153,0
5155,1
5156,0
5157,0
5160,0
5161,1
5164,1
5165,0
5177,1
5181,0
5182,0
5183,1
5185,0
5187,0
5189,1
5193,0
5195,1
5197,0
5198,0
5203,0
5208,0
5209,0
5213,0
5214,0
5216,0
5217,0
5218,1
5224,0
5225,0
5234,0
5238,0
5246,0
5247,1
5248,0
5251,1
5253,0
5254,0
5255,1
5258,0
5259,0
5263,0
5265,0
5266,0
5267,1
5271,1
5272,1
5276,1
5279,1
5283,1
5287,0
5289,0
5290,0
5291,1
5293,0
5294,0
5302,0
5303,1
5306,1
5307,1
5308,0
5323,0
5325,1
5331,1
5334,1
5337,1
5343,1
5357,0
5359,0
5363,0
5370,0
5372,0
5385,0
5386,0
5388,1
5390,1
5394,1
5397,1
5398,0
5399,0
5406,1
5409,1
5411,0
5415,0
5418,1
5419,1
5421,1
5424,1
5427,0
5429,1
5433,0
5437,0
5451,0
5452,0
5454,1
5460,0
5461,0
5465,1
5466,1
5468,1
5470,0
5478,0
5480,1
5482,0
5483,0
5484,1
5485,0
5486,0
5490,1
5494,0
5495,1
5498,1
5499,0
5504,1
5509,1
5510,0
5511,0
5512,0
5517,0
5534,0
5542,0
5545,1
5551,0
5552,1
5556,0
5557,1
5558,0
5559,0
5564,0
5567,1
5570,0
5571,0
5579,0
5588,1
5590,1
5595,1
5597,0
5599,1
5602,0
5606,1
5612,0
5620,0
5623,0
5627,0
5631,1
5640,0
5641,0
5644,0
5645,0
5648,0
5656,1
5658,0
5662,1
5667,1
5668,0
5671,1
5673,1
5674,1
5677,1
5681,1
5682,1
5683,1
5686,1
5688,1
5694,1
5695,0
5697,1
5700,1
5701,0
5702,1
5707,1
5709,1
5711,0
5713,1
5717,1
5719,1
5720,0
5724,0
5725,0
5728,0
5731,0
5737,1
5741,0
5743,0
5750,0
5755,0
5759,0
5761,0
5764,0
5766,0
5767,1
5770,1
5771,0
5772,1
5777,0
5784,0
5789,1
5790,1
5799,0
5802,0
5806,0
5810,0
5811,0
5812,0
5822,0
5824,1
5828,0
5833,0
5835,1
5844,0
5845,0
5846,1
5847,1
5848,1
5855,0
5861,0
5863,0
5870,0
5877,1
5878,1
5880,0
5883,1
5885,1
5886,0
5889,0
5890,0
5892,0
5897,1
5901,0
5902,0
5903,1
5905,0
5910,1
5912,0
5915,1
5923,0
5925,1
5931,1
5932,1
5933,0
5934,1
5941,0
5943,1
5946,0
5947,1
5949,1
5950,1
5954,1
5959,0
5960,0
5967,1
5971,1
5972,1
5975,0
5978,1
5979,1
5981,0
5983,0
5985,1
5987,1
5992,0
5993,0
6000,1
6001,0
6007,1
6008,1
6009,1
6011,0
6019,1
6026,1
6028,1
6029,1
6030,1
6034,1
6047,0
6055,1
6066,1
6067,1
6068,1
6070,1
6071,1
6078,1
6082,1
6083,0
6086,1
6087,0
6088,0
6089,1
6096,1
6097,0
6098,1
6100,0
6107,0
6111,0
6114,1
6115,0
6116,0
6117,0
6120,0
6121,1
6123,0
6129,0
6131,0
6135,0
6140,0
6141,1
6142,0
6144,1
6152,0
6153,1
6155,0
6164,1
6165,0
6166,0
6171,1
6176,0
6178,0
6179,0
6180,0
6190,1
6191,1
6197,1
6198,0
6202,0
6205,1
6207,1
6214,0
6215,1
6223,0
6228,0
6230,1
6232,0
6234,1
6240,0
6244,0
6245,1
6246,0
6248,1
6252,0
6255,1
6256,1
6258,0
6267,1
6274,1
6275,0
6280,0
6287,1
6292,0
6294,0
6296,1
6297,1
6299,1
6304,0
6305,1
6310,0
6313,0
6316,1
6324,1
6326,1
6328,1
6331,0
6340,0
6341,0
6342,0
6349,1
6353,1
6354,1
6355,1
6357,1
6359,0
6363,0
6374,1
6381,1
6383,1
6385,1
6386,1
6387,1
6388,0
6389,1
6392,1
6393,1
6396,1
6398,1
6403,1
6404,1
6405,1
6406,0
6408,1
6416,0
6417,1
6419,1
6420,1
6424,1
6426,0
6427,0
6429,0
6431,1
6433,0
6436,1
6437,0
6439,1
6447,1
6451,0
6452,0
6455,1
6456,0
6460,1
6461,1
6463,1
6464,0
6469,0
6471,0
6474,1
6475,1
6479,0
6481,1
6484,0
6488,0
6491,0
6492,1
6493,0
6496,0
6500,0
6501,1
6502,0
6505,1
6508,1
6511,0
6515,0
6522,0
6530,0
6532,1
6536,0
6538,0
6539,1
6541,0
6545,1
6546,0
6554,0
6557,1
6558,1
6559,1
6560,0
6562,1
6564,1
6565,1
6569,1
6571,1
6572,1
6574,1
6578,0
6583,0
6599,1
6602,0
6603,0
6605,0
6610,0
6619,0
6620,1
6622,1
6624,1
6626,1
6635,0
6638,1
6640,0
6643,1
6649,0
6651,0
6653,1
6657,0
6666,1
6667,0
6669,1
6671,1
6673,1
6675,0
6680,0
6687,1
6688,0
6693,0
6694,1
6699,1
6703,0
6705,1
6707,1
6709,1
6715,1
6716,1
6719,0
6720,1
6724,1
6728,1
6735,1
6738,1
6740,1
6743,1
6744,1
6746,1
6748,0
6752,1
6760,0
6761,0
6763,1
6764,1
6765,0
6773,1
6776,0
6780,0
6781,1
6782,1
6783,0
6784,1
6785,1
6788,1
6790,1
6798,1
6800,0
6801,0
6804,1
6812,1
6813,1
6814,0
6818,0
6831,0
6835,0
6836,1
6837,1
6845,0
6847,0
6849,1
6853,0
6854,1
6856,1
6859,0
6860,0
6867,1
6868,0
6876,0
6878,0
6884,0
6888,0
6891,0
6892,1
6894,0
6896,0
6900,1
6903,1
6910,0
6913,1
6916,1
6918,0
6919,0
6924,1
6927,0
6929,0
6931,1
6933,1
6934,0
6937,1
6940,1
6947,1
6948,0
6949,0
6953,1
6956,0
6957,1
6961,1
6963,1
6974,0
6975,1
6977,1
6986,0
6988,0
6994,0
7000,0
7005,1
7007,1
7009,1
7019,1
7021,1
7040,0
7041,1
7043,0
7045,0
7051,1
7056,1
7063,1
7064,1
7074,0
7075,1
7076,1
7079,1
7082,1
7083,0
7085,1
7087,1
7089,1
7091,1
7093,1
7097,1
7102,1
7103,0
7105,0
7111,0
7113,1
7118,0
7119,0
7128,0
7129,1
7131,0
7132,0
7144,0
7146,0
7148,1
7152,0
7154,0
7163,0
7164,1
7165,1
7169,0
7170,1
7172,0
7174,0
7175,1
7177,1
7180,1
7181,0
7182,0
7183,0
7186,0
7187,0
7190,0
7195,0
7202,0
7204,1
7208,0
7209,1
7212,0
7213,1
7217,0
7230,0
7232,1
7233,1
7234,0
7240,0
7243,1
7245,0
7247,1
7248,1
7257,0
7258,0
7259,1
7265,0
7267,0
7268,1
7271,0
7273,1
7281,1
7292,1
7299,0
7302,0
7305,1
7312,1
7314,1
7318,0
7324,0
7327,0
7328,0
7329,1
7334,1
7340,0
7344,0
7351,0
7355,1
7358,1
7360,1
7362,0
7365,0
7366,0
7367,1
7368,0
7370,1
7371,0
7373,1
7383,0
7384,1
7385,0
7396,1
7398,1
7399,0
7403,1
7406,0
7408,0
7409,0
7411,0
7414,0
7417,1
7426,1
7427,1
7429,1
7430,0
7434,0
7437,1
7441,1
7443,0
7447,1
7448,0
7455,1
7467,1
7472,0
7482,1
7484,0
7485,1
7486,0
7487,1
7488,0
7489,1
7494,1
7498,0
7506,1
7507,1
7508,0
7509,0
7510,0
7512,0
7520,0
7528,0
7529,1
7532,0
7533,1
7539,0
7543,1
7546,0
7554,1
7557,0
7561,0
7563,0
7565,1
7566,0
7574,0
7579,1
7586,0
7587,0
7591,0
7594,0
7598,1
7604,1
7605,0
7611,0
7615,0
7618,0
7620,1
7625,0
7628,1
7631,0
7632,0
7637,0
7640,1
7642,0
7644,0
7646,0
7651,1
7653,1
7655,0
7658,1
7659,1
7663,0
7677,1
7679,1
7683,0
7685,0
7690,0
7699,1
7703,0
7705,0
7706,0
7712,1
7719,1
7721,0
7723,1
7725,1
7733,1
7737,1
7739,1
7740,1
7741,1
7745,1
7747,0
7753,1
7754,1
7755,1
7756,1
7758,1
7764,1
7774,0
7780,0
7786,1
7789,0
7793,1
7795,0
7796,1
7807,0
7808,0
7809,1
7811,0
7815,0
7818,1
7819,1
7824,0
7826,1
7827,0
7831,0
7832,1
7834,0
7838,0
7841,1
7843,0
7847,1
7849,1
7850,0
7851,0
7855,0
7859,0
7864,0
7865,0
7867,0
7869,1
7875,0
7877,1
7883,0
7884,1
7887,0
7888,0
7890,0
7898,1
7899,0
7901,1
7905,0
7908,1
7909,1
7912,1
7917,1
7919,1
7921,1
7923,0
7926,0
7927,0
7928,0
7929,0
7935,0
7940,1
7942,0
7943,0
7953,0
7955,0
7958,1
7961,0
7967,1
7973,0
7974,1
7977,1
7980,1
7984,0
7988,0
7990,0
7996,0
7999,0
8004,0
8015,1
8016,0
8018,0
8019,0
8023,0
8025,1
8028,1
8030,0
8031,0
8035,0
8039,1
8040,0
8042,0
8043,0
8045,1
8057,1
8058,0
8061,0
8063,1
8064,1
8065,1
8068,1
8070,0
8071,0
8077,1
8081,1
8085,1
8092,1
8093,0
8109,0
8111,1
8112,1
8117,1
8122,1
8123,0
8126,0
8133,0
8134,0
8140,0
8142,1
8148,1
8151,0
8153,0
8155,0
8156,0
8157,0
8167,0
8169,0
8174,0
8179,1
8181,0
8186,0
8189,1
8190,1
8194,0
8195,1
8197,0
8198,0
8202,1
8204,0
8206,0
8211,0
8214,0
8215,0
8216,0
8219,0
8222,0
8225,1
8228,0
8233,1
8239,1
8240,0
8243,1
8244,0
8246,0
8251,0
8252,1
8257,1
8258,0
8259,0
8264,0
8265,1
8268,0
8269,1
8290,0
8291,1
8292,1
8297,1
8298,1
8307,1
8308,1
8311,0
8314,1
8324,0
8327,0
8329,0
8336,1
8338,0
8345,0
8346,0
8347,0
8348,0
8349,1
8350,0
8351,1
8353,1
8361,1
8364,0
8365,0
8369,0
8372,1
8375,0
8380,1
8382,1
8383,1
8389,1
8399,1
8405,0
8409,0
8414,0
8416,1
8418,1
8423,0
8424,0
8425,0
8434,0
8450,1
8455,1
8458,1
8459,1
8460,1
8461,1
8472,1
8473,1
8474,1
8475,1
8477,0
8479,1
8487,1
8490,1
8491,1
8495,0
8502,1
8505,0
8508,1
8511,1
8513,1
8520,0
8527,0
8533,0
8535,0
8538,1
8539,1
8540,1
8542,0
8545,1
8548,1
8550,0
8553,0
8554,0
8555,0
8556,0
8557,0
8559,0
8560,0
8563,1
8568,1
8576,0
8577,0
8581,1
8585,0
8589,0
8590,0
8595,0
8596,0
8599,1
8602,0
8608,0
8612,0
8617,0
8620,0
8621,1
8624,0
8625,1
8630,0
8633,0
8634,1
8635,1
8636,1
8640,0
8642,1
8649,0
8651,0
8654,1
8662,1
8663,1
8666,0
8668,0
8673,0
8675,0
8678,0
8683,1
8689,0
8693,0
8694,0
8696,1
8697,0
8700,0
8701,1
8702,1
8712,1
8714,1
8715,1
8717,1
8724,0
8725,0
8728,0
8729,1
8732,1
8733,0
8736,0
8741,0
8742,0
8743,1
8745,0
8749,0
8750,0
8752,1
8753,0
8758,1
8760,1
8762,1
8766,1
8767,0
8774,0
8776,1
8778,0
8779,1
8780,1
8785,0
8786,0
8792,1
8795,1
8803,0
8804,0
8810,1
8815,1
8822,1
8825,1
8826,0
8827,1
8838,1
8839,1
8841,0
8842,1
8843,0
8847,1
8855,0
8858,0
8861,1
8864,0
8869,0
8875,0
8885,1
8886,1
8892,1
8907,0
8909,0
8912,0
8921,1
8925,0
8929,1
8934,0
8935,0
8937,0
8938,1
8942,0
8944,0
8954,0
8963,0
8964,1
8965,0
8972,0
8973,0
8977,1
8986,1
8989,1
8994,0
9000,0
9005,0
9006,1
9012,1
9013,0
9016,0
9018,0
9020,0
9022,0
9025,0
9030,1
9039,0
9042,0
9044,1
9046,0
9047,1
9048,0
9051,0
9061,0
9065,0
9066,1
9072,0
9075,0
9076,0
9081,1
9083,1
9086,0
9087,1
9093,0
9096,0
9100,1
9113,1
9119,0
9123,0
9124,0
9125,1
9126,1
9128,1
9131,1
9132,0
9134,0
9135,0
9149,0
9151,0
9152,1
9162,1
9163,1
9172,0
9174,1
9178,1
9179,1
9183,1
9193,0
9194,0
9196,0
9198,1
9201,0
9203,1
9212,0
9213,1
9214,1
9215,1
9218,1
9219,1
9220,0
9222,1
9228,0
9235,1
9238,1
9239,1
9247,1
9253,0
9256,0
9261,0
9265,1
9270,1
9275,0
9277,1
9281,1
9282,1
9284,1
9288,0
9296,0
9298,1
9310,1
9311,0
9314,1
9319,1
9326,1
9331,0
9333,1
9335,1
9337,0
9343,0
9347,1
9348,1
9349,0
9355,0
9357,1
9360,0
9362,0
9367,1
9368,0
9369,1
9371,1
9372,1
9379,1
9381,0
9382,0
9384,0
9388,0
9391,0
9395,1
9398,1
9401,1
9409,1
9414,0
9417,0
9422,1
9423,0
9425,0
9433,0
9434,0
9436,0
9438,1
9439,0
9446,1
9447,1
9462,1
9463,1
9469,1
9482,1
9484,0
9487,1
9492,1
9494,1
9496,1
9503,1
9507,0
9508,1
9509,1
9513,1
9516,1
9527,0
9528,1
9531,1
9533,0
9538,0
9540,0
9541,0
9542,1
9549,0
9555,1
9559,0
9561,1
9563,1
9566,0
9569,0
9572,0
9575,1
9579,1
9580,0
9581,1
9584,1
9587,0
9588,1
9589,1
9590,1
9592,1
9595,0
9596,1
9597,0
9604,0
9605,0
9609,1
9610,0
9611,0
9621,0
9622,1
9629,0
9632,0
9636,1
9643,1
9647,1
9648,1
9652,1
9653,0
9654,0
9660,1
9662,1
9665,1
9666,0
9668,1
9673,1
9674,0
9679,1
9682,1
9689,1
9691,1
9692,0
9702,1
9704,1
9705,0
9709,1
9712,1
9713,1
9717,0
9718,0
9723,1
9726,0
9727,0
9728,0
9735,1
9738,1
9740,1
9741,0
9749,0
9751,1
9752,1
9754,0
9757,1
9758,0
9763,0
9769,1
9773,0
9777,1
9778,1
9784,0
9786,1
9793,1
9796,1
9797,1
9800,0
9804,1
9808,0
9810,1
9811,0
9812,1
9813,0
9818,0
9827,0
9831,1
9832,0
9836,0
9839,1
9840,1
9841,0
9844,1
9847,1
9848,1
9849,0
9850,0
9852,0
9857,0
9865,1
9870,1
9879,1
9883,1
9887,1
9891,1
9892,1
9895,1
9900,1
9902,1
9903,0
9904,1
9908,1
9915,1
9918,1
9919,0
9923,1
9924,1
9928,1
9937,0
9941,0
9943,1
9944,1
9945,0
9947,1
9950,0
9953,0
9954,1
9959,1
9960,0
9961,1
9970,0
9972,0
9973,1
9977,0
9979,0
9985,0
9988,0
9989,1
9997,1
9999,0
10004,0
10006,0
10010,1
10015,0
10016,0
10019,1
10021,0
10022,0
10023,1
10031,0
10035,1
10039,0
10040,0
10041,1
10043,1
10047,0
10050,1
10053,1
10062,0
10063,1
10069,0
10072,1
10075,0
10078,0
10080,0
10081,1
10084,0
10088,0
10092,0
10094,0
10101,0
10103,1
10109,0
10110,1
10111,0
10116,0
10123,0
10124,0
10126,0
10127,0
10129,1
10130,0
10140,1
10148,1
10150,1
10152,0
10155,1
10166,0
10167,0
10171,1
10175,1
10179,1
10184,1
10188,1
10190,0
10193,0
10194,0
10195,0
10200,1
10201,0
10203,0
10211,0
10213,1
10218,0
10220,1
10224,1
10227,1
10229,1
10230,1
10232,1
10235,1
10238,1
10244,1
10247,1
10249,1
10251,1
10252,0
10254,1
10259,1
10263,1
10264,1
10272,1
10275,1
10283,1
10286,1
10287,0
10290,0
10294,1
10297,1
10301,1
10307,0
10308,1
10319,0
10320,0
10325,1
10326,1
10327,1
10328,1
10329,0
10334,0
10344,1
10346,0
10349,1
10354,0
10355,1
10359,0
10364,1
10365,0
10377,0
10383,0
10385,1
10388,0
10390,1
10394,0
10397,1
10401,0
10414,1
10417,1
10419,0
10420,1
10421,1
10428,1
10436,1
10438,0
10439,1
10442,0
10443,0
10444,1
10447,0
10449,0
10452,1
10459,1
10460,1
10461,1
10467,0
10469,1
10470,1
10480,1
10483,0
10485,0
10488,0
10489,1
10491,1
10497,1
10500,1
10501,1
10504,0
10508,1
10510,0
10512,0
10526,0
10528,1
10537,1
10541,1
10544,1
10550,1
10551,1
10557,1
10560,1
10561,0
10562,1
10563,0
10565,0
10568,0
10575,0
10576,1
10578,0
10584,1
10587,1
10588,1
10592,1
10593,1
10600,1
10601,1
10606,1
10608,0
10614,0
10618,1
10622,1
10624,1
10625,1
10633,0
10637,1
10639,1
10641,0
10643,0
10645,0
10648,1
10649,1
10658,1
10663,0
10668,1
10670,1
10671,1
10672,1
10681,1
10682,0
10686,0
10689,1
10691,0
10693,0
10700,1
10703,1
10707,1
10709,1
10711,1
10713,0
10715,1
10720,1
10723,0
10729,1
10730,0
10732,0
10733,0
10742,0
10747,1
10748,0
10749,1
10752,1
10760,1
10761,1
10762,1
10763,1
10765,0
10768,1
10770,1
10772,1
10774,0
10782,0
10787,0
10791,1
10792,0
10800,1
10801,0
10811,0
10828,0
10838,0
10840,0
10841,0
10843,0
10845,1
10846,1
10849,0
10851,1
10854,1
10855,1
10862,0
10863,0
10864,0
10867,1
10886,1
10887,0
10890,1
10891,0
10892,0
10898,0
10900,1
10902,1
10907,0
10908,0
10910,0
10915,0
10916,0
10917,0
10922,1
10926,1
10935,1
10938,1
10947,1
10950,0
10958,1
10964,0
10965,1
10968,1
10969,1
10970,1
10972,1
10979,1
10981,1
10982,0
10994,0
10995,0
10997,1
10998,1
11001,0
11004,0
11005,1
11010,1
11017,0
11018,0
11019,0
11024,0
11026,1
11028,1
11030,1
11034,1
11035,1
11036,1
11039,1
11040,0
11043,1
11044,1
11048,1
11055,1
11058,1
11062,1
11063,1
11064,0
11070,0
11071,0
11078,0
11080,0
11083,0
11090,1
11092,1
11094,1
11099,0
11100,0
11102,1
11107,0
11110,0
11113,0
11114,1
11118,0
11119,1
11129,1
11133,0
11137,1
11139,0
11140,1
11141,1
11142,0
11146,1
11160,1
11164,1
11181,0
11185,0
11187,1
11189,0
11195,1
11200,0
11202,0
11204,1
11208,0
11209,1
11210,0
11214,1
11217,1
11221,0
11223,0
11225,1
11227,0
11234,0
11239,0
11249,0
11251,0
11254,0
11260,0
11262,1
11264,1
11268,1
11269,1
11273,1
11274,1
11288,1
11291,1
11292,1
11301,0
11306,1
11307,0
11313,1
11314,1
11317,1
11318,1
11319,0
11320,1
11322,1
11330,0
11331,1
11337,0
11341,1
11342,1
11347,0
11351,1
11354,0
11360,1
11361,0
11362,1
11363,0
11366,0
11369,0
11373,1
11374,1
11376,0
11385,0
11389,0
11390,0
11397,0
11404,1
11407,1
11409,1
11413,1
11414,1
11425,0
11434,1
11441,0
11443,0
11445,1
11446,0
11448,0
11455,0
11458,0
11459,1
11463,1
11468,1
11470,0
11471,1
11473,1
11476,1
11477,1
11481,0
11486,1
11497,1
11507,0
11510,0
11512,1
11519,0
11521,0
11523,1
11524,1
11525,1
11529,0
11531,1
11532,0
11533,1
11537,0
11538,1
11544,1
11552,0
11559,1
11562,0
11563,0
11566,0
11567,1
11568,0
11572,0
11573,1
11577,0
11580,1
11584,1
11585,0
11590,0
11593,0
11594,0
11595,0
11600,0
11601,0
11602,0
11604,1
11606,0
11617,0
11621,1
11622,1
11624,0
11625,1
11626,0
11630,1
11631,0
11633,0
11636,1
11637,0
11648,1
11654,1
11661,0
11663,1
11665,1
11670,1
11673,0
11674,0
11679,1
11686,0
11687,0
11695,1
11698,1
11703,1
11708,0
11712,1
11713,0
11714,1
11715,1
11716,0
11719,1
11725,0
11726,0
11729,0
11734,1
11736,1
11740,1
11745,1
11747,0
11749,0
11751,0
11752,0
11755,0
11766,0
11767,0
11770,1
11772,0
11774,0
11785,0
11790,1
11793,0
11794,0
11797,0
11802,1
11805,1
11808,1
11813,0
11816,0
11822,1
11824,1
11830,0
11831,0
11832,1
11834,0
11842,0
11846,1
11847,1
11848,0
11849,1
11850,1
11856,0
11857,0
11858,0
11869,0
11872,1
11882,0
11888,1
11889,0
11890,1
11894,1
11900,1
11901,0
11904,1
11905,1
11908,1
11911,1
11914,0
11917,1
11921,1
11923,1
11924,0
11927,1
11931,1
11935,0
11937,1
11943,1
11951,0
11952,0
11960,0
11961,1
11962,1
11963,0
11969,1
11970,1
11971,0
11972,0
11974,1
11975,0
11980,1
11986,0
11987,0
11988,0
11990,0
11993,1
12001,0
12006,1
12008,1
12013,1
12016,0
12017,1
12019,0
12020,1
12021,1
12024,0
12025,1
12031,1
12035,1
12038,1
12040,1
12046,1
12049,1
12050,0
12051,1
12053,1
12054,1
12059,0
12061,0
12066,0
12074,1
12075,0
12078,1
12080,1
12081,1
12082,0
12085,0
12086,1
12088,1
12095,0
12096,0
12098,1
12106,0
12108,1
12112,1
12114,1
12115,0
12128,0
12133,1
12140,1
12150,1
12152,0
12158,1
12161,0
12162,0
12163,0
12164,0
12166,0
12168,1
12169,0
12172,0
12178,1
12186,1
12187,0
12188,1
12192,1
12201,1
12209,0
12211,1
12214,0
12215,1
12216,1
12217,0
12223,0
12227,0
12228,1
12230,1
12235,1
12237,0
12245,1
12246,1
12247,0
12248,1
12253,0
12256,0
12257,1
12258,1
12259,1
12263,0
12266,0
12268,0
12273,0
12274,1
12275,1
12277,1
12278,0
12281,1
12287,0
12290,0
12296,1
12302,1
12303,0
12310,0
12315,0
12317,0
12322,1
12323,1
12327,1
12329,0
12330,1
12331,0
12334,0
12338,1
12346,1
12347,0
12353,0
12357,1
12358,1
12359,1
12368,1
12372,0
12373,1
12378,1
12379,1
12384,1
12391,0
12392,1
12395,0
12398,1
12399,1
12400,1
12405,1
12415,0
12416,0
12420,1
12424,1
12425,1
12430,1
12431,0
12432,0
12437,1
12440,0
12443,0
12444,1
12451,0
12458,1
12461,0
12463,1
12466,0
12469,0
12470,1
12482,1
12483,1
12484,0
12490,1
12495,0
12498,1
12508,0
12517,1
12524,0
12525,1
12528,1
12531,1
12534,0
12535,1
12536,0
12537,1
12539,0
12542,1
12543,1
12547,1
12549,1
12551,0
12554,0
12557,0
12563,1
12564,1
12565,1
12567,1
12569,0
12570,0
12575,1
12577,1
12578,0
12581,1
12584,0
12587,1
12597,1
12603,1
12605,1
12606,1
12618,1
12619,0
12621,1
12625,0
12632,1
12644,1
12646,1
12650,1
12653,1
12666,1
12675,1
12677,1
12678,1
12682,1
12687,1
12688,1
12689,1
12696,0
12699,0
12701,0
12709,0
12711,0
12716,0
12718,1
12719,0
12720,1
12721,1
12722,1
12725,0
12728,0
12731,0
12733,0
12734,0
12740,0
12741,0
12742,1
12745,0
12749,0
12752,0
12756,0
12758,0
12759,0
12766,0
12783,1
12784,1
12785,1
12788,0
12789,1
12790,1
12791,1
12792,0
12796,0
12800,1
12804,1
12806,1
12807,1
12812,0
12818,1
12819,0
12821,1
12823,1
12826,0
12829,1
12832,1
12833,1
12838,0
12839,1
12840,1
12846,1
12848,0
12858,1
12860,1
12861,1
12862,1
12863,1
12865,1
12866,0
12868,0
12871,1
12881,0
12895,0
12898,0
12899,1
12901,0
12902,1
12904,1
12909,1
12913,1
12914,1
12917,0
12923,1
12924,1
12926,0
12944,0
12951,1
12961,0
12964,0
12969,1
12973,1
12975,1
12980,1
12984,1
12985,1
12990,1
12992,1
12998,0
12999,0
13001,1
13005,1
13006,1
13007,1
13020,1
13021,1
13033,0
13037,0
13042,1
13048,0
13049,0
13051,1
13056,0
13058,0
13059,1
13060,0
13062,0
13065,0
13067,0
13071,1
13074,0
13075,1
13077,0
13079,1
13080,1
13081,1
13086,1
13092,0
13094,1
13096,1
13099,1
13103,1
13105,0
13118,0
13120,1
13121,0
13122,0
13125,0
13128,0
13132,1
13135,0
13140,1
13142,1
13147,0
13148,0
13151,1
13156,0
13157,0
13159,0
13161,1
13166,1
13167,0
13170,0
13172,1
13174,1
13176,1
13177,0
13178,0
13181,1
13182,1
13185,0
13187,0
13188,0
13189,0
13191,0
13193,1
13196,1
13197,0
13201,1
13206,1
13210,1
13212,1
13214,1
13217,1
13218,0
13220,0
13221,0
13223,1
13224,0
13226,0
13230,1
13231,0
13236,1
13239,1
13240,1
13251,0
13252,0
13254,1
13257,0
13259,0
13260,1
13265,0
13269,0
13270,1
13280,0
13290,1
13293,0
13295,1
13296,1
13309,1
13310,1
13311,0
13320,1
13326,1
13331,1
13334,1
13335,1
13336,1
13337,1
13338,0
13341,0
13342,1
13345,1
13346,0
13348,0
13350,1
13352,0
13353,0
13355,1
13358,0
13360,1
13363,1
13364,1
13365,1
13366,1
13371,1
13373,1
13379,1
13387,0
13390,1
13397,1
13401,1
13402,1
13411,1
13414,0
13417,1
13426,0
13430,0
13431,0
13432,0
13434,0
13440,1
13445,0
13448,1
13449,1
13452,0
13453,1
13455,0
13457,0
13465,1
13467,0
13470,0
13472,1
13473,0
13478,0
13495,0
13504,0
13506,1
13508,0
13511,0
13515,1
13518,1
13519,1
13522,1
13523,0
13527,0
13528,0
13531,0
13534,0
13536,1
13537,1
13539,0
13542,0
13548,1
13552,0
13553,0
13557,0
13563,0
13570,0
13582,1
13584,0
13592,0
13594,1
13595,0
13597,0
13599,1
13603,0
13612,0
13613,0
13614,1
13617,0
13619,0
13620,1
13622,0
13624,0
13631,1
13632,1
13636,0
13639,0
13641,0
13645,1
13652,0
13655,1
13656,0
13660,1
13667,1
13669,1
13674,1
13676,1
13683,0
13687,1
13688,0
13690,0
13693,1
13694,1
13696,0
13698,1
13699,1
13703,1
13704,1
13707,0
13709,1
13713,0
13720,0
13724,1
13725,1
13726,0
13727,1
13731,0
13732,0
13733,1
13736,1
13742,1
13746,1
13750,1
13751,1
13759,1
13773,1
13777,1
13779,1
13780,1
13785,1
13788,0
13791,0
13794,0
13797,1
13799,1
13803,0
13805,0
13806,0
13810,1
13813,1
13815,0
13817,1
13820,0
13822,0
13826,1
13827,0
13828,0
13829,1
13833,1
13834,1
13839,0
13842,1
13843,0
13844,1
13846,1
13848,1
13849,0
13856,1
13857,0
13862,1
13863,1
13864,1
13870,0
13877,1
13878,0
13884,0
13892,0
13894,0
13896,0
13897,1
13898,1
13899,0
13901,0
13903,0
13904,1
13910,1
13912,0
13921,0
13922,0
13925,1
13927,0
13928,0
13931,1
13933,1
13943,1
13946,0
13949,1
13953,0
13954,1
13963,0
13967,0
13971,1
13972,1
13974,0
13979,0
13988,0
13989,1
13990,1
13991,1
13992,0
14000,0
14003,0
14008,1
14011,1
14016,0
14021,0
14023,0
14028,0
14030,0
14032,0
14033,0
14035,0
14036,1
14037,0
14040,1
14047,1
14056,1
14057,1
14058,0
14059,1
14068,1
14071,0
14076,1
14082,1
14084,1
14085,1
14088,1
14089,1
14092,1
14093,0
14094,0
14097,1
14100,1
14103,1
14109,1
14117,1
14118,1
14119,1
14120,1
14122,0
14124,1
14129,0
14134,1
14136,1
14140,0
14141,0
14154,1
14158,0
14162,0
14163,0
14165,0
14168,0
14169,1
14171,1
14172,1
14176,1
14178,0
14181,1
14184,0
14186,1
14188,0
14189,0
14190,1
14191,1
14196,0
14199,0
14202,1
14204,1
14207,0
14211,0
14212,0
14217,1
14220,0
14221,1
14224,0
14226,0
14228,0
14235,1
14242,1
14244,1
14247,1
14249,0
14254,1
14255,1
14259,1
14261,0
14262,0
14263,0
14268,0
14269,1
14273,1
14283,1
14285,0
14287,0
14289,0
14291,1
14292,0
14295,0
14301,0
14302,0
14307,0
14309,0
14310,1
14314,0
14318,0
14328,0
14333,1
14334,0
14335,1
14337,0
14338,1
14342,1
14347,1
14351,0
14352,1
14353,1
14355,1
14356,1
14360,1
14362,1
14366,1
14375,1
14377,0
14381,0
14383,0
14384,0
14386,0
14390,1
14391,0
14395,0
14396,0
14408,0
14411,0
14416,1
14418,1
14419,0
14423,0
14425,0
14435,1
14439,1
14440,1
14444,1
14446,1
14447,0
14452,0
14453,1
14455,1
14457,1
14460,0
14461,1
14463,1
14468,1
14470,0
14471,1
14472,1
14474,1
14479,1
14480,1
14481,0
14485,0
14487,0
14488,0
14489,1
14491,1
14494,1
14495,1
14499,0
14502,1
14504,1
14506,0
14509,1
14510,1
14512,0
14516,1
14522,1
14524,1
14526,0
14527,0
14530,0
14531,1
14534,1
14536,0
14537,1
14542,0
14544,1
14546,0
14558,1
14560,0
14569,0
14571,1
14573,0
14574,1
14577,0
14584,0
14585,0
14586,1
14588,1
14589,0
14590,1
14591,0
14592,1
14593,1
14594,0
14595,1
14599,1
14600,0
14608,1
14609,1
14610,1
14611,0
14613,0
14615,1
14616,0
14619,1
14623,1
14628,1
14633,0
14636,0
14647,0
14648,0
14649,0
14654,1
14657,0
14658,0
14660,0
14664,1
14665,0
14670,0
14672,0
14677,1
14679,0
14683,1
14690,0
14702,0
14708,1
14709,0
14714,0
14717,0
14726,0
14729,1
14732,1
14736,0
14737,0
14739,1
14741,1
14742,1
14743,0
14744,0
14753,0
14755,1
14761,0
14769,0
14770,0
14776,1
14777,0
14778,0
14779,1
14781,1
14786,0
14792,0
14794,1
14796,1
14798,1
14800,1
14801,1
14802,1
14808,1
14812,1
14813,0
14814,0
14817,1
14821,1
14822,1
14826,1
14842,1
14843,1
14850,0
14854,1
14864,1
14870,0
14871,0
14872,1
14873,0
14881,1
14884,0
14888,0
14902,1
14909,0
14915,0
14923,0
14927,1
14929,0
14934,1
14936,1
14944,1
14946,0
14948,0
14949,1
14951,0
14956,0
14959,0
14963,1
14964,1
14965,1
14966,1
14974,1
14977,0
14980,1
14983,0
14988,0
14991,0
15001,1
15004,1
15006,0
15007,1
15008,1
15010,1
15022,1
15024,1
15026,1
15027,0
15028,0
15034,0
15037,0
15038,0
15039,1
15048,1
15050,1
15056,0
15058,0
15059,0
15062,1
15063,1
15064,1
15066,0
15067,0
15068,0
15069,0
15071,1
15072,0
15079,0
15085,0
15086,0
15087,1
15088,0
15089,0
15090,1
15092,0
15094,0
15099,0
15100,0
15106,0
15110,0
15115,0
15117,1
15118,1
15119,0
15121,0
15126,1
15129,1
15134,0
15135,0
15136,1
15137,1
15138,0
15141,0
15146,1
15148,1
15158,1
15159,1
15160,0
15164,1
15167,1
15168,1
15172,1
15174,1
15175,1
15176,1
15189,1
15190,0
15191,0
15193,1
15196,0
15201,0
15206,1
15210,1
15212,0
15216,0
15218,1
15219,1
15226,0
15229,0
15230,1
15237,1
15238,1
15239,0
15244,1
15247,0
15253,1
15256,1
15262,1
15266,0
15269,0
15272,0
15273,0
15288,1
15291,1
15292,0
15293,1
15300,1
15301,1
15303,1
15306,1
15307,1
15318,0
15319,0
15323,0
15324,0
15326,0
15327,1
15334,1
15339,1
15343,1
15345,1
15349,1
15357,0
15360,1
15361,0
15363,0
15364,1
15366,1
15368,1
15381,0
15383,0
15385,1
15394,0
15396,1
15398,0
15399,0
15406,1
15413,0
15415,0
15419,0
15422,0
15427,1
15428,0
15433,0
15434,1
15441,1
15443,1
15445,0
15450,0
15451,1
15452,0
15453,1
15456,0
15457,0
15462,0
15464,1
15465,0
15466,1
15471,0
15473,1
15474,1
15476,1
15479,1
15481,0
15482,0
15488,0
15495,0
15497,0
15509,0
15511,0
15514,0
15515,1
15517,0
15521,0
15522,0
15529,1
15530,1
15531,1
15536,1
15542,0
15544,1
15546,1
15552,0
15563,1
15565,0
15567,1
15568,1
15569,1
15570,1
15571,1
15573,1
15574,1
15575,0
15577,0
15581,0
15582,0
15588,1
15590,0
15591,0
15593,0
15595,0
15597,1
15603,0
15605,1
15606,0
15607,0
15608,0
15610,0
15618,0
15619,0
15624,1
15626,0
15630,1
15631,0
15632,0
15633,0
15634,1
15635,0
15642,1
15652,1
15657,1
15658,0
15665,1
15667,1
15673,1
15674,0
15675,1
15682,0
15683,0
15686,0
15688,0
15689,0
15690,1
15704,0
15705,0
15712,1
15717,0
15720,1
15728,1
15734,0
15736,0
15739,1
15743,1
15746,0
15751,1
15756,0
15759,0
15760,0
15765,0
15769,1
15770,1
15776,1
15784,0
15785,1
15786,0
15787,0
15789,1
15794,0
15796,0
15798,0
15800,0
15801,1
15808,1
15809,0
15814,0
15815,0
15816,0
15817,0
15818,0
15819,1
15824,1
15829,1
15835,0
15836,1
15841,0
15845,1
15846,0
15849,1
15850,0
15852,0
15853,0
15855,1
15856,1
15857,0
15859,0
15862,0
15875,1
15876,1
15879,1
15881,1
15882,1
15884,1
15886,1
15888,1
15893,1
15894,0
15898,1
15900,1
15901,1
15904,1
15916,0
15918,1
15920,1
15926,0
15929,0
15931,1
15933,1
15935,1
15936,0
15943,0
15946,1
15947,0
15964,0
15965,0
15966,1
15968,1
15970,0
15971,0
15978,1
15987,0
15990,1
15992,0
15998,1
16002,1
16003,0
16005,0
16006,0
16014,0
16015,0
16018,1
16021,0
16022,0
16031,1
16046,1
16053,0
16058,1
16061,0
16063,0
16081,0
16082,1
16083,1
16084,1
16086,1
16089,1
16091,1
16097,1
16106,1
16107,0
16111,1
16114,1
16116,1
16118,0
16121,1
16122,0
16125,1
16127,0
16131,0
16133,1
16138,0
16141,0
16150,1
16153,1
16159,1
16162,0
16165,1
16167,1
16170,0
16171,0
16172,0
16173,1
16176,0
16180,0
16186,1
16190,0
16192,1
16193,1
16195,0
16197,1
16201,1
16203,1
16213,1
16216,1
16221,0
16228,1
16231,1
16232,1
16233,0
16240,1
16241,1
16244,1
16246,1
16249,0
16253,0
16257,1
16258,1
16259,0
16261,0
16263,0
16264,1
16265,1
16277,0
16279,0
16287,1
16288,0
16298,1
16300,0
16308,1
16311,1
16312,0
16313,0
16314,1
16315,1
16318,1
16319,0
16320,1
16323,0
16325,1
16329,1
16332,0
16335,1
16337,1
16338,0
16343,0
16353,0
16362,0
16366,0
16367,1
16368,0
16375,0
16376,1
16381,1
16388,0
16389,0
16390,1
16392,1
16400,0
16407,0
16408,1
16411,1
16412,1
16413,1
16415,0
16418,1
16421,0
16424,1
16425,1
16426,0
16428,1
16429,1
16432,0
16436,0
16437,0
16448,1
16453,1
16457,0
16461,0
16463,1
16469,0
16470,0
16480,0
16481,1
16482,0
16484,1
16486,0
16487,1
16500,0
16501,1
16503,0
16506,1
16519,0
16524,0
16526,0
16527,1
16530,0
16537,0
16539,1
16541,1
16542,0
16555,1
16557,1
16558,1
16562,1
16566,1
16567,1
16578,1
16581,1
16582,1
16592,1
16594,1
16599,0
16602,1
16606,0
16615,1
16623,0
16625,0
16627,0
16628,1
16640,1
16643,1
16645,1
16648,1
16650,0
16654,0
16658,1
16659,0
16660,0
16663,1
16666,1
16668,0
16677,0
16678,0
16680,1
16682,1
16683,1
16690,1
16693,1
16694,1
16699,0
16704,1
16706,0
16710,0
16714,1
16715,1
16717,0
16720,1
16722,0
16729,0
16730,1
16733,1
16736,0
16743,1
16745,1
16752,0
16758,1
16760,0
16763,0
16764,1
16765,1
16768,1
16773,1
16785,1
16796,1
16798,1
16802,1
16804,1
16806,1
16810,0
16813,1
16817,1
16819,1
16832,1
16833,1
16842,1
16843,1
16845,1
16848,0
16850,0
16854,1
16857,1
16871,0
16873,1
16875,1
16879,0
16881,1
16886,0
16888,1
16891,1
16893,1
16902,1
16904,1
16911,1
16912,0
16917,1
16918,0
16922,0
16923,1
16927,0
16930,1
16931,1
16933,1
16935,1
16938,1
16939,1
16940,0
16941,0
16946,0
16947,0
16952,0
16956,1
16958,1
16959,1
16962,0
16963,1
16965,0
16967,0
16972,1
16973,0
16977,1
16979,1
16980,1
16981,1
16986,1
16988,1
16990,1
16992,0
16995,1
17001,0
17002,1
17008,1
17020,1
17026,0
17028,0
17029,0
17031,0
17033,1
17034,1
17038,0
17040,0
17044,1
17046,0
17049,1
17053,0
17055,0
17071,0
17072,0
17073,1
17078,0
17079,1
17088,0
17089,0
17091,0
17094,0
17099,0
17107,0
17114,1
17122,1
17123,1
17124,1
17128,0
17129,1
17130,1
17131,1
17133,0
17134,1
17136,0
17137,0
17146,1
17153,0
17155,0
17156,1
17161,0
17163,0
17166,1
17167,1
17169,1
17171,1
17176,1
17178,1
17184,1
17186,0
17188,1
17189,1
17192,1
17194,1
17197,1
17198,1
17204,1
17207,1
17208,1
17212,0
17220,0
17228,1
17231,1
17235,0
17236,0
17239,0
17242,1
17250,0
17252,1
17256,0
17257,1
17258,0
17260,1
17261,0
17269,1
17270,0
17274,0
17275,1
17278,0
17279,1
17280,0
17281,0
17286,0
17290,1
17297,0
17307,0
17314,0
17320,1
17322,0
17323,1
17331,1
17332,1
17333,1
17334,0
17335,1
17336,1
17339,1
17340,1
17342,0
17344,0
17350,0
17353,0
17355,0
17361,1
17364,1
17365,0
17367,0
17369,1
17372,1
17375,1
17381,0
17385,1
17392,0
17394,0
17396,1
17397,0
17399,1
17401,1
17404,1
17405,0
17407,1
17408,0
17410,1
17411,0
17414,1
17418,0
17423,1
17428,1
17432,0
17434,1
17441,0
17444,0
17460,0
17463,0
17466,1
17469,1
17470,1
17482,0
17492,1
17495,0
17501,1
17503,1
17504,0
17505,1
17506,0
17508,0
17510,1
17511,1
17512,1
17514,0
17522,1
17527,1
17528,1
17529,0
17532,1
17533,0
17546,1
17549,1
17552,1
17561,0
17563,1
17568,1
17573,1
17574,1
17577,1
17578,1
17581,1
17582,1
17588,1
17594,1
17601,0
17604,1
17605,1
17606,0
17610,1
17611,0
17615,1
17619,1
17620,1
17621,0
17622,0
17631,1
17637,1
17641,1
17642,0
17643,0
17644,1
17650,1
17655,1
17659,1
17663,1
17674,0
17677,0
17686,1
17689,1
17697,1
17699,0
17702,1
17707,0
17710,1
17714,1
17716,1
17718,1
17719,1
17721,1
17722,1
17723,1
17724,1
17728,1
17730,1
17731,1
17733,1
17739,1
17741,1
17745,0
17752,0
17759,0
17761,1
17768,0
17771,1
17774,1
17775,0
17776,1
17779,1
17781,1
17782,1
17783,1
17785,1
17791,1
17793,0
17796,1
17797,0
17803,1
17808,1
17816,1
17820,0
17833,1
17854,1
17857,0
17858,1
17862,0
17864,1
17866,0
17867,1
17868,1
17870,0
17871,0
17872,0
17873,0
17877,0
17882,0
17887,0
17891,1
17898,1
17899,1
17900,1
17901,1
17907,1
17917,1
17918,1
17920,1
17925,1
17940,1
17942,0
17945,0
17947,1
17950,1
17955,0
17956,1
17957,0
17959,0
17965,1
17969,1
17970,1
17971,1
17985,0
18002,1
18009,0
18010,1
18012,0
18017,1
18020,0
18027,1
18028,0
18029,0
18036,0
18039,0
18040,0
18046,0
18047,1
18048,0
18053,1
18056,1
18060,0
18061,0
18065,1
18069,0
18071,1
18072,1
18074,0
18077,0
18079,1
18084,1
18086,0
18090,0
18096,0
18105,1
18107,1
18109,1
18111,0
18113,1
18116,1
18117,1
18121,1
18123,0
18124,0
18126,1
18127,1
18131,1
18134,1
18135,0
18138,1
18142,1
18151,1
18156,1
18158,0
18159,1
18163,1
18174,1
18176,0
18180,1
18183,1
18185,0
18189,1
18190,0
18192,1
18203,1
18205,0
18209,0
18214,0
18221,1
18222,0
18224,0
18225,0
18226,0
18227,1
18230,0
18238,0
18240,1
18243,0
18252,1
18253,0
18254,1
18258,0
18267,1
18270,0
18274,1
18279,1
18280,0
18284,1
18286,0
18288,0
18298,1
18302,1
18305,0
18306,0
18307,1
18311,1
18312,1
18314,1
18316,1
18320,1
18323,1
18328,0
18332,1
18333,1
18336,1
18339,0
18342,1
18347,0
18348,1
18355,0
18361,0
18363,1
18364,1
18365,1
18368,1
18369,0
18373,1
18376,0
18382,1
18385,1
18387,1
18388,1
18389,0
18395,1
18399,0
18400,0
18410,1
18413,0
18418,1
18424,0
18428,1
18430,1
18433,1
18440,0
18442,0
18447,1
18448,0
18454,1
18456,0
18457,1
18458,1
18460,0
18461,1
18463,0
18467,1
18469,0
18471,1
18472,1
18477,1
18481,1
18483,1
18488,0
18489,1
18491,1
18494,0
18498,1
18503,0
18517,1
18519,0
18527,0
18531,1
18537,0
18540,1
18546,0
18555,0
18556,1
18557,1
18558,1
18568,1
18573,0
18574,1
18578,0
18580,0
18582,1
18584,0
18586,1
18592,1
18600,1
18604,0
18605,1
18607,1
18609,0
18611,1
18614,1
18616,0
18620,0
18625,0
18628,1
18631,1
18634,0
18637,0
18638,1
18639,1
18641,1
18643,1
18644,1
18648,0
18671,0
18675,1
18678,0
18679,1
18681,0
18683,1
18684,1
18690,1
18691,1
18692,0
18694,1
18697,1
18701,1
18702,1
18703,1
18707,0
18708,1
18710,1
18714,0
18716,1
18723,1
18725,1
18728,1
18738,1
18739,0
18741,0
18742,0
18743,0
18753,0
18758,0
18761,1
18762,1
18764,1
18765,0
18769,0
18771,0
18772,1
18774,1
18777,0
18778,1
18788,1
18791,1
18794,1
18798,0
18803,1
18807,1
18811,0
18813,1
18814,0
18819,0
18822,1
18824,0
18825,1
18826,1
18831,0
18835,1
18837,0
18840,0
18841,1
18843,1
18847,0
18855,0
18858,0
18860,0
18861,0
18865,1
18867,1
18868,0
18874,1
18877,0
18878,1
18879,0
18892,1
18893,1
18895,0
18903,0
18906,0
18908,0
18910,1
18912,1
18919,0
18926,1
18927,1
18928,1
18930,1
18932,0
18935,1
18936,1
18937,1
18939,1
18940,1
18941,1
18942,1
18943,0
18946,0
18948,0
18949,1
18956,1
18957,0
18961,1
18963,0
18964,1
18969,1
18972,1
18978,0
18980,1
18984,0
18986,1
18987,1
18997,1
18999,0
19000,0
19004,0
19007,0
19009,1
19015,1
19017,1
19022,1
19023,1
19028,0
19029,1
19031,0
19035,1
19039,0
19041,1
19044,1
19048,1
19058,1
19061,1
19065,1
19066,1
19068,1
19072,1
19075,0
19080,1
19084,1
19085,0
19094,1
19095,1
19103,0
19104,0
19106,0
19108,1
19111,0
19117,1
19119,1
19120,0
19124,0
19126,1
19129,1
19133,1
19142,0
19154,1
19155,1
19158,1
19169,1
19176,1
19181,1
19182,1
19184,1
19185,1
19189,0
19190,0
19191,1
19194,0
19197,0
19199,1
19203,0
19205,0
19210,1
19212,0
19213,0
19216,0
19219,1
19223,1
19226,1
19230,0
19233,0
19235,0
19236,1
19237,1
19243,1
19252,0
19253,1
19257,1
19258,0
19259,1
19261,1
19263,0
19264,0
19265,0
19266,1
19271,1
19275,1
19277,1
19278,1
19281,1
19287,0
19290,1
19291,1
19294,0
19295,0
19297,1
19298,1
19300,0
19303,1
19305,1
19309,1
19310,1
19311,0
19314,1
19315,0
19320,0
19329,1
19331,0
19332,1
19337,1
19340,1
19343,1
19344,1
19345,1
19347,1
19350,1
19351,0
19353,1
19356,1
19358,1
19362,1
19363,1
19367,1
19371,1
19373,1
19378,1
19383,1
19385,0
19389,1
19394,1
19395,1
19398,1
19399,1
19400,1
19402,1
19403,0
19415,0
19420,1
19421,0
19424,0
19431,1
19433,0
19434,0
19441,0
19445,1
19446,0
19447,1
19452,1
19453,0
19455,0
19457,1
19458,1
19459,1
19462,0
19465,1
19470,0
19471,0
19479,1
19480,1
19494,0
19497,0
19500,0
19501,0
19502,0
19504,1
19505,1
19519,1
19524,1
19529,0
19532,0
19533,0
19534,1
19536,1
19537,0
19543,0
19545,0
19546,1
19549,1
19551,1
19554,0
19559,1
19563,1
19564,1
19565,0
19566,1
19568,0
19571,1
19575,0
19578,1
19581,0
19585,0
19591,0
19594,1
19600,1
19604,0
19605,1
19614,1
19628,1
19629,1
19630,0
19634,0
19637,1
19640,1
19641,1
19642,1
19643,1
19651,1
19654,1
19657,1
19658,0
19659,0
19668,1
19677,1
19679,1
19681,1
19684,0
19690,1
19691,1
19694,1
19705,1
19714,0
19718,0
19720,1
19721,0
19722,1
19723,1
19733,1
19734,1
19735,1
19739,1
19742,0
19744,1
19745,1
19748,1
19753,1
19757,1
19761,1
19762,1
19763,1
19769,1
19770,1
19772,1
19774,0
19781,1
19782,1
19783,1
19792,1
19797,0
19800,1
19802,1
19804,0
19807,1
19810,1
19812,1
19813,1
19815,1
19816,1
19818,1
19819,1
19821,1
19823,1
19827,1
19829,0
19830,0
19831,0
19832,1
19835,0
19843,1
19854,1
19855,1
19856,1
19864,0
19868,0
19871,1
19878,0
19879,0
19880,0
19881,0
19888,1
19889,0
19891,1
19892,0
19896,1
19902,0
19904,0
19906,0
19912,0
19913,1
19915,1
19918,0
19919,1
19922,1
19923,1
19925,1
19926,0
19930,0
19932,1
19935,0
19936,1
19937,0
19938,1
19947,1
19954,1
19958,0
19959,1
19960,0
19961,0
19965,1
19966,1
19970,0
19971,1
19974,0
19977,1
19984,0
19988,1
19989,1
19993,1
19999,1
20002,1
20005,0
20013,1
20014,1
20015,0
20017,1
20028,1
20030,0
20035,1
20036,1
20037,0
20041,1
20045,1
20046,1
20047,1
20048,1
20058,1
20064,1
20065,1
20066,0
20069,1
20075,1
20076,1
20085,0
20087,1
20089,1
20092,1
20093,0
20096,1
20097,1
20099,1
20108,1
20114,0
20120,1
20122,1
20126,1
20131,1
20135,0
20136,0
20137,1
20139,1
20145,1
20147,1
20150,0
20152,0
20154,1
20156,0
20159,1
20160,1
20163,1
20174,1
20175,0
20178,0
20181,0
20184,1
20189,1
20191,0
20192,1
20194,1
20196,1
20205,1
20210,1
20214,1
20220,1
20224,1
20227,1
20231,1
20235,1
20237,0
20238,0
20240,1
20243,1
20245,1
20247,1
20248,0
20251,1
20252,1
20253,0
20255,1
20258,0
20259,1
20261,1
20264,0
20271,0
20276,1
20284,0
20294,1
20300,1
20302,1
20316,0
20325,0
20328,0
20330,1
20337,1
20343,0
20345,0
20346,1
20351,1
20359,0
20365,1
20367,1
20368,0
20369,0
20370,1
20373,0
20374,0
20375,0
20379,1
20380,0
20383,0
20386,1
20387,1
20389,1
20391,0
20392,1
20397,1
20401,1
20404,1
20407,1
20412,1
20416,0
20421,1
20432,1
20433,0
20435,0
20436,1
20439,1
20440,0
20442,0
20446,0
20455,0
20456,0
20457,1
20465,1
20467,1
20468,0
20470,1
20472,0
20477,0
20479,0
20484,1
20489,1
20491,1
20492,0
20497,1
20499,1
20501,1
20509,1
20515,1
20520,0
20522,1
20524,1
20525,1
20526,0
20527,1
20528,1
20530,1
20533,1
20543,1
20544,1
20547,0
20548,0
20549,0
20551,0
20552,1
20555,1
20556,0
20561,1
20566,1
20573,0
20574,1
20577,1
20578,0
20582,0
20585,0
20588,0
20592,1
20594,0
20598,0
20603,0
20607,1
20610,0
20616,0
20624,1
20626,0
20627,0
20628,0
20629,1
20635,0
20640,1
20643,1
20646,0
20647,1
20648,0
20655,0
20656,0
20658,0
20664,1
20666,1
20670,1
20673,1
20677,1
20678,1
20680,1
20681,1
20685,0
20688,1
20689,1
20690,0
20692,1
20694,0
20695,0
20699,0
20710,0
20713,1
20714,0
20715,1
20720,0
20721,0
20723,0
20724,1
20728,1
20733,0
20734,0
20735,0
20738,0
20741,0
20747,1
20752,1
20753,1
20754,1
20756,1
20757,0
20761,1
20763,0
20766,1
20768,0
20772,1
20776,1
20781,0
20784,0
20786,1
20787,0
20788,0
20792,1
20793,0
20797,1
20798,1
20800,1
20808,1
20818,0
20819,1
20824,1
20825,1
20827,1
20828,0
20829,0
20834,0
20844,1
20848,1
20850,1
20851,1
20852,1
20855,1
20863,0
20869,0
20870,1
20871,1
20880,0
20881,1
20886,1
20893,1
20894,0
20901,1
20905,1
20909,1
20912,1
20913,1
20914,1
20919,1
20920,1
20924,1
20927,1
20928,0
20929,0
20930,1
20933,0
20934,0
20940,0
20941,0
20944,1
20948,0
20954,1
20959,0
20962,0
20965,0
20966,0
20968,0
20969,1
20975,1
20976,1
20978,1
20979,1
20981,0
20982,1
20985,0
20988,1
20991,0
20993,1
20995,1
20996,1
20998,0
21001,1
21004,0
21008,1
21011,1
21012,1
21015,1
21016,0
21021,1
21024,1
21030,1
21031,0
21032,0
21033,1
21034,0
21042,1
21043,0
21048,1
21051,0
21056,1
21057,1
21058,0
21059,0
21060,0
21062,1
21066,1
21067,0
21070,1
21074,0
21080,1
21081,0
21082,0
21086,0
21089,0
21090,1
21095,1
21097,1
21103,1
21113,1
21114,1
21117,0
21122,0
21123,0
21129,0
21133,1
21135,0
21141,1
21148,1
21149,1
21151,1
21156,0
21157,0
21161,1
21163,0
21164,1
21168,1
21169,1
21171,0
21174,1
21175,0
21183,0
21187,0
21188,0
21189,0
21192,1
21195,0
21209,1
21210,1
21216,1
21217,1
21218,1
21221,1
21224,0
21225,1
21228,0
21230,0
21232,1
21235,1
21240,0
21246,1
21248,0
21253,1
21256,1
21257,1
21261,1
21262,1
21266,0
21267,1
21268,0
21270,0
21280,0
21294,1
21308,1
21310,1
21313,0
21314,1
21316,0
21319,0
21326,0
21333,0
21336,1
21340,1
21344,1
21345,0
21354,0
21358,0
21360,1
21368,0
21370,0
21372,1
21381,0
21382,1
21385,0
21386,1
21390,1
21394,0
21395,0
21398,0
21406,0
21409,1
21416,1
21422,0
21431,1
21434,0
21438,0
21443,0
21449,0
21450,0
21455,0
21457,1
21458,1
21462,0
21463,0
21474,0
21478,0
21480,0
21484,1
21488,0
21489,0
21498,0
21501,0
21502,0
21503,0
21509,0
21511,0
21512,0
21517,1
21522,0
21524,1
21526,0
21534,1
21536,0
21539,1
21540,0
21541,0
21544,1
21551,1
21552,1
21555,0
21556,1
21557,1
21559,1
21565,0
21568,0
21572,1
21576,1
21580,1
21584,1
21586,1
21587,1
21588,0
21591,1
21592,0
21593,1
21595,1
21597,1
21599,0
21605,1
21617,1
21619,1
21621,0
21622,1
21624,0
21627,0
21628,0
21630,1
21638,0
21641,0
21648,1
21649,1
21650,1
21652,1
21654,0
21655,0
21658,1
21661,0
21669,0
21671,1
21675,1
21677,1
21682,0
21683,0
21685,1
21687,1
21688,0
21690,0
21695,1
21696,1
21697,1
21698,0
21699,1
21700,1
21706,1
21707,0
21714,0
21716,1
21718,0
21732,0
21733,0
21739,0
21740,1
21742,1
21743,0
21747,0
21748,0
21749,0
21750,0
21752,0
21763,1
21764,1
21769,0
21775,1
21776,1
21777,0
21778,0
21780,1
21781,0
21782,1
21783,1
21786,0
21787,1
21794,0
21800,1
21806,0
21807,0
21810,1
21811,1
21816,0
21818,0
21820,0
21822,1
21829,0
21830,0
21834,1
21835,0
21842,1
21845,1
21850,1
21854,1
21855,1
21856,0
21863,1
21873,1
21874,1
21876,0
21883,1
21884,0
21886,0
21892,1
21895,0
21896,1
21904,1
21907,0
21910,0
21919,1
21923,1
21924,0
21928,0
21929,1
21931,1
21933,1
21938,0
21946,1
21958,1
21961,0
21963,0
21966,1
21972,0
21976,1
21977,1
21987,0
21989,1
21991,1
21995,1
21997,0
22001,1
22003,1
22009,0
22010,1
22012,0
22021,1
22027,0
22029,0
22030,0
22031,0
22032,0
22035,1
22036,0
22042,0
22043,1
22044,0
22046,1
22047,0
22049,1
22052,1
22053,0
22055,0
22060,0
22061,0
22063,1
22065,1
22076,0
22082,1
22085,0
22088,1
22096,0
22098,1
22101,0
22102,0
22105,1
22108,1
22112,0
22115,1
22117,1
22119,0
22121,0
22123,0
22125,1
22128,1
22129,0
22130,0
22133,0
22140,0
22141,0
22142,0
22144,1
22152,0
22154,1
22155,1
22159,0
22161,0
22164,0
22166,1
22174,0
22175,0
22176,0
22179,0
22181,0
22182,1
22186,0
22191,0
22196,1
22197,0
22206,1
22207,0
22210,1
22218,0
22223,0
22224,1
22225,0
22227,1
22229,0
22231,0
22233,1
22241,0
22242,1
22243,0
22252,1
22258,0
22261,0
22262,1
22266,0
22270,1
22271,1
22272,0
22273,1
22274,1
22277,0
22278,1
22279,1
22282,0
22298,0
22304,1
22306,1
22317,1
22321,0
22322,0
22325,0
22328,0
22332,1
22333,0
22335,1
22341,0
22343,0
22345,0
22347,0
22353,0
22355,0
22361,1
22365,1
22366,0
22375,1
22382,0
22387,1
22391,1
22394,1
22407,1
22408,1
22410,1
22422,0
22423,0
22424,1
22426,0
22431,0
22438,1
22441,1
22442,0
22445,0
22450,0
22453,0
22456,0
22457,0
22459,1
22464,1
22469,1
22473,0
22481,1
22482,0
22485,1
22487,0
22492,1
22493,0
22494,1
22497,1
22498,1
22500,0
22509,1
22511,1
22515,0
22518,1
22521,1
22525,0
22526,0
22528,0
22533,1
22534,1
22535,0
22536,0
22537,0
22538,0
22543,0
22544,1
22549,0
22551,1
22553,0
22566,1
22567,1
22581,1
22584,1
22585,1
22590,0
22591,0
22596,1
22598,0
22599,1
22603,1
22607,1
22612,0
22617,1
22620,1
22622,1
22623,1
22625,1
22630,1
22635,1
22640,1
22643,0
22644,0
22646,0
22647,1
22651,1
22656,1
22660,0
22663,1
22665,1
22672,1
22673,1
22675,1
22676,0
22680,0
22681,1
22684,0
22685,0
22686,0
22687,1
22690,1
22694,1
22695,1
22699,1
22700,0
22704,1
22712,0
22713,1
22724,0
22728,0
22731,1
22738,0
22739,1
22745,1
22746,1
22750,1
22751,1
22753,1
22756,1
22760,0
22763,0
22764,0
22765,0
22767,1
22768,0
22769,1
22772,1
22777,1
22778,1
22779,0
22780,0
22782,1
22784,0
22788,0
22793,1
22796,1
22798,1
22805,0
22806,0
22808,0
22812,0
22815,0
22818,0
22827,0
22836,1
22837,0
22839,0
22840,0
22845,0
22846,1
22848,0
22849,0
22852,1
22858,0
22859,0
22861,0
22866,0
22871,0
22879,1
22887,0
22893,0
22898,1
22900,0
22905,1
22909,1
22911,1
22912,0
22915,0
22918,1
22920,0
22929,1
22937,1
22942,1
22945,0
22949,0
22952,0
22953,0
22954,1
22955,0
22957,1
22958,0
22961,1
22964,0
22965,1
22966,1
22970,0
22972,0
22974,1
22978,1
22981,1
22983,0
22988,1
22990,0
22996,0
22998,0
23002,1
23007,0
23008,1
23009,0
23012,1
23015,1
23016,1
23017,1
23020,0
23022,1
23024,1
23025,1
23028,1
23030,1
23031,1
23040,1
23043,1
23045,1
23050,1
23051,0
23053,1
23054,0
23055,0
23057,1
23059,0
23061,1
23063,1
23064,1
23066,0
23067,1
23070,1
23071,0
23074,1
23077,1
23078,1
23087,0
23095,0
23096,1
23097,0
23100,1
23102,0
23103,0
23107,1
23118,0
23121,0
23131,1
23135,0
23136,1
23137,1
23140,0
23143,1
23144,0
23147,0
23149,0
23151,0
23155,1
23156,1
23160,0
23164,1
23168,0
23177,1
23178,1
23182,1
23183,0
23186,0
23188,0
23190,1
23193,0
23196,0
23199,1
23200,0
23201,1
23202,1
23216,0
23223,1
23224,0
23227,1
23232,1
23235,1
23236,0
23237,1
23238,1
23239,1
23241,1
23246,1
23251,1
23252,1
23262,1
23264,0
23267,0
23269,0
23271,1
23272,1
23273,0
23275,0
23277,1
23279,0
23292,1
23294,1
23295,0
23297,1
23299,0
23302,1
23311,1
23321,0
23323,0
23324,1
23329,0
23335,0
23345,0
23346,1
23350,0
23354,0
23356,1
23360,1
23362,0
23366,1
23375,1
23385,0
23388,1
23391,0
23398,0
23399,0
23402,0
23404,1
23405,1
23411,1
23412,1
23414,0
23416,1
23422,0
23425,1
23429,1
23430,0
23432,1
23443,0
23445,1
23449,1
23452,0
23453,1
23455,1
23456,1
23459,0
23460,0
23462,1
23465,1
23468,0
23473,1
23475,0
23477,0
23482,1
23483,0
23488,0
23492,1
23498,1
23501,1
23508,1
23509,0
23515,0
23522,1
23523,1
23526,1
23538,0
23541,1
23542,0
23552,1
23557,0
23558,0
23561,1
23563,0
23565,0
23566,1
23568,0
23570,0
23575,0
23578,0
23585,0
23586,1
23594,0
23596,0
23598,0
23608,0
23609,1
23613,1
23625,0
23628,0
23631,1
23635,0
23641,0
23643,0
23645,1
23646,1
23647,0
23654,1
23658,1
23665,0
23669,0
23679,0
23688,0
23689,0
23693,0
23695,0
23701,1
23702,1
23706,1
23707,1
23709,1
23710,0
23712,1
23713,1
23714,0
23716,0
23718,1
23720,0
23731,1
23732,1
23733,1
23734,1
23735,0
23736,0
23744,0
23748,0
23750,0
23756,0
23759,0
23760,0
23764,1
23767,1
23768,0
23773,0
23774,1
23784,0
23790,1
23797,1
23798,1
23799,1
23806,0
23810,0
23812,1
23813,1
23816,1
23817,0
23818,1
23823,1
23830,0
23832,1
23834,1
23835,1
23836,0
23842,1
23843,0
23844,0
23853,0
23858,1
23863,1
23864,1
23866,1
23869,1
23874,1
23878,1
23879,0
23884,0
23894,1
23895,0
23897,0
23898,1
23899,1
23901,0
23903,1
23905,1
23907,0
23916,1
23919,0
23920,0
23921,0
23925,0
23940,1
23947,0
23950,0
23953,1
23955,1
23961,0
23963,0
23965,0
23969,1
23970,1
23971,0
23977,0
23980,0
23982,1
23987,1
23989,1
23994,1
23995,1
23996,1
24000,0
24003,0
24014,1
24015,0
24021,1
24022,0
24023,1
24025,0
24029,0
24030,1
24031,1
24034,0
24040,0
24043,1
24046,0
24047,1
24048,1
24051,1
24059,1
24064,0
24066,0
24078,0
24079,0
24082,0
24085,1
24086,1
24089,1
24090,0
24097,1
24099,0
24101,1
24102,0
24103,0
24107,1
24109,0
24110,0
24111,0
24113,0
24114,0
24118,1
24124,0
24125,0
24129,0
24135,1
24137,0
24138,1
24139,0
24148,1
24150,0
24151,1
24152,1
24155,1
24167,0
24169,1
24172,0
24182,1
24185,1
24189,1
24195,1
24196,1
24204,0
24212,1
24215,1
24217,1
24220,1
24228,0
24231,1
24237,1
24238,0
24239,1
24249,1
24253,0
24256,0
24258,1
24259,1
24260,0
24263,0
24269,0
24272,1
24278,1
24279,0
24281,1
24285,1
24287,0
24289,0
24290,1
24291,0
24293,0
24297,0
24307,1
24308,1
24311,0
24322,0
24336,0
24337,1
24341,0
24348,0
24354,1
24355,0
24356,1
24359,0
24360,1
24361,1
24362,0
24364,0
24366,1
24368,0
24372,0
24373,0
24384,0
24385,0
24391,0
24392,0
24393,1
24397,1
24402,0
24403,1
24404,0
24405,0
24412,1
24421,0
24432,1
24435,1
24439,0
24444,1
24446,0
24451,1
24453,1
24458,1
24463,0
24469,0
24475,1
24477,0
24486,1
24487,0
24488,1
24489,0
24490,1
24491,0
24496,0
24503,1
24508,1
24512,1
24514,1
24519,0
24520,1
24521,0
24522,0
24525,0
24534,1
24536,0
24537,0
24539,0
24541,0
24549,1
24551,0
24554,1
24562,1
24563,1
24567,0
24569,1
24573,0
24576,0
24584,1
24591,1
24592,1
24593,0
24595,0
24598,1
24599,0
24602,1
24603,1
24604,0
24605,0
24610,1
24613,1
24614,1
24615,1
24619,1
24621,1
24625,1
24630,1
24631,0
24632,0
24636,0
24643,0
24647,0
24648,1
24653,1
24654,0
24656,0
24662,1
24673,0
24674,1
24681,0
24682,0
24683,1
24693,0
24694,0
24695,0
24699,0
24705,0
24710,0
24719,1
24729,0
24738,1
24739,1
24743,0
24744,0
24748,0
24752,0
24756,0
24762,0
24764,1
24770,1
24773,0
24787,0
24788,0
24791,0
24796,0
24800,0
24801,0
24805,0
24807,0
24810,0
24813,0
24822,1
24824,1
24830,0
24837,1
24838,0
24840,0
24841,1
24848,1
24849,0
24850,0
24852,1
24854,0
24857,1
24859,0
24865,0
24869,1
24875,0
24877,0
24883,0
24886,0
24887,0
24890,1
24891,0
24899,1
24900,1
24905,1
24906,1
24907,1
24908,1
24913,0
24914,1
24915,1
24918,0
24920,0
24929,0
24931,1
24932,1
24937,1
24945,1
24948,0
24950,0
24951,0
24954,1
24956,0
24967,1
24969,1
24971,1
24973,1
24975,0
24982,1
24983,1
24986,0
24990,1
24992,1
24995,1
24996,0
24999,0
25001,1
25002,1
25003,1
25008,0
25013,0
25015,0
25017,1
25020,0
25022,1
25028,1
25029,0
25034,1
25036,1
25037,1
25038,1
25040,1
25042,0
25043,0
25050,0
25052,1
25053,0
25058,1
25061,1
25065,0
25068,1
25069,0
25073,0
25080,0
25082,0
25085,1
25086,0
25087,1
25090,0
25092,1
25095,0
25098,0
25104,0
25105,0
25111,0
25112,1
25115,1
25116,0
25119,0
25120,0
25122,1
25125,0
25134,0
25142,1
25143,1
25147,1
25152,0
25155,0
25159,0
25162,0
25167,0
25176,0
25178,1
25181,0
25182,1
25184,0
25185,1
25189,0
25190,0
25195,0
25202,0
25206,0
25209,0
25213,0
25214,0
25216,0
25217,1
25221,0
25225,1
25229,0
25236,1
25240,0
25244,1
25247,0
25248,0
25257,0
25258,0
25259,1
25261,0
25265,1
25275,0
25276,1
25278,1
25282,1
25288,1
25289,0
25290,0
25293,1
25294,0
25296,0
25297,0
25298,0
25302,0
25304,0
25305,0
25306,1
25308,0
25311,0
25314,1
25315,0
25320,0
25321,1
25324,0
25343,0
25347,0
25352,1
25357,1
25358,0
25360,1
25362,0
25368,1
25371,1
25375,1
25383,1
25392,1
25405,0
25407,1
25408,0
25411,1
25412,1
25414,1
25416,0
25421,1
25426,1
25431,1
25433,1
25440,0
25444,0
25446,0
25451,1
25452,0
25453,0
25462,0
25463,0
25464,0
25472,0
25473,0
25474,1
25476,0
25479,1
25480,0
25484,1
25485,0
25486,0
25490,1
25497,1
25502,1
25506,0
25510,1
25512,0
25513,0
25519,0
25521,0
25523,0
25527,0
25528,0
25530,0
25534,0
25539,1
25540,0
25546,0
25548,1
25551,1
25553,0
25554,0
25557,1
25563,1
25564,1
25570,1
25571,0
25577,0
25582,0
25588,1
25592,0
25595,0
25598,0
25600,0
25604,0
25607,1
25608,0
25620,0
25621,1
25624,0
25633,0
25634,1
25637,0
25642,0
25648,1
25651,0
25652,1
25657,0
25660,1
25665,0
25672,0
25673,1
25678,1
25680,0
25681,1
25683,0
25687,0
25695,0
25699,1
25700,1
25703,1
25704,0
25707,1
25710,1
25715,1
25716,0
25717,0
25738,0
25741,0
25743,1
25747,0
25749,0
25750,0
25755,0
25756,1
25757,0
25763,1
25765,0
25771,1
25772,0
25781,0
25785,1
25786,1
25788,0
25790,1
25797,0
25799,1
25800,0
25801,1
25802,0
25804,0
25805,1
25808,1
25811,1
25813,1
25815,0
25816,1
25826,1
25828,1
25829,0
25832,0
25833,0
25834,1
25837,0
25838,1
25839,0
25840,0
25844,1
25847,0
25851,0
25854,1
25860,1
25864,0
25866,1
25867,0
25869,0
25871,0
25872,0
25873,0
25874,0
25876,0
25887,0
25888,1
25890,1
25897,0
25900,0
25901,1
25902,0
25904,0
25905,0
25909,0
25915,0
25916,1
25920,0
25928,1
25936,1
25937,0
25941,1
25942,1
25946,0
25947,1
25949,1
25952,0
25953,0
25955,0
25958,1
25961,0
25963,0
25964,0
25965,1
25967,0
25968,0
25969,1
25972,1
25973,1
25977,1
25978,0
25979,0
25981,0
25983,0
25984,0
25985,1
25997,0
25999,0
26000,1
26006,0
26008,0
26011,1
26012,0
26015,0
26019,1
26023,0
26024,0
26032,1
26042,0
26044,0
26046,0
26049,0
26062,1
26065,1
26066,1
26067,1
26069,1
26070,0
26071,0
26080,1
26081,0
26084,0
26092,0
26097,0
26100,1
26103,1
26104,0
26106,1
26112,0
26113,1
26115,0
26118,1
26121,1
26122,1
26125,1
26126,1
26128,1
26129,0
26135,0
26136,1
26141,0
26142,0
26144,0
26148,0
26149,1
26166,1
26170,1
26182,0
26183,0
26186,0
26192,0
26195,1
26198,1
26199,0
26201,1
26202,0
26204,0
26207,0
26210,1
26217,0
26218,0
26224,1
26227,1
26229,0
26233,1
26234,0
26238,0
26240,0
26242,0
26244,0
26245,0
26246,1
26254,0
26256,0
26257,1
26263,1
26265,0
26266,0
26271,1
26276,1
26280,0
26281,0
26282,0
26285,1
26287,0
26292,1
26297,0
26301,0
26303,0
26311,1
26314,0
26320,0
26321,0
26324,0
26327,1
26334,1
26335,1
26338,1
26340,0
26346,0
26350,1
26352,1
26353,0
26354,1
26355,1
26357,0
26364,0
26367,0
26368,0
26369,0
26370,0
26387,1
26392,0
26393,1
26394,0
26397,0
26398,1
26400,1
26409,1
26410,0
26419,0
26421,1
26422,1
26423,0
26425,0
26427,1
26429,0
26431,0
26436,0
26437,0
26438,0
26448,0
26456,1
26459,0
26460,1
26463,1
26464,0
26470,1
26475,0
26477,1
26481,0
26483,0
26484,0
26487,0
26489,0
26490,1
26493,0
26496,1
26497,1
26499,0
26500,0
26501,1
26504,0
26505,0
26506,1
26508,0
26509,0
26512,0
26516,0
26517,1
26521,0
26524,0
26527,0
26530,0
26531,0
26532,0
26533,0
26536,0
26538,1
26539,1
26544,1
26547,1
26549,1
26552,0
26553,1
26556,1
26557,1
26559,0
26562,1
26566,1
26567,0
26579,1
26581,1
26587,0
26591,0
26593,0
26596,0
26597,0
26598,1
26599,0
26603,1
26606,1
26607,1
26614,0
26616,1
26617,1
26619,0
26622,1
26623,1
26624,0
26625,1
26628,0
26629,1
26640,1
26641,1
26642,1
26645,0
26646,1
26647,1
26649,1
26656,0
26658,0
26659,1
26661,1
26664,0
26665,0
26669,0
26671,1
26672,0
26688,0
26696,0
26697,1
26698,0
26699,0
26700,1
26702,0
26704,0
26706,0
26711,0
26713,1
26715,0
26721,0
26728,0
26729,0
26730,0
26737,0
26739,1
26742,1
26749,1
26752,1
26755,1
26756,0
26765,0
26778,1
26783,1
26787,0
26788,0
26791,0
26793,0
26794,0
26795,0
26798,0
26800,0
26809,0
26812,1
26815,1
26819,1
26826,1
26829,0
26832,1
26835,0
26837,1
26839,1
26840,1
26844,1
26848,0
26856,1
26857,1
26858,1
26860,0
26861,0
26862,0
26867,1
26873,0
26878,0
26881,1
26882,1
26889,0
26894,0
26895,0
26900,0
26904,0
26907,1
26909,0
26914,0
26918,0
26919,0
26921,0
26922,0
26924,0
26927,1
26932,1
26933,0
26941,1
26942,0
26944,1
26947,0
26952,1
26956,0
26959,0
26961,1
26963,0
26967,1
26968,0
26969,0
26971,0
26972,0
26976,1
26988,1
26990,1
26992,1
26993,1
27001,1
27004,0
27006,1
27008,1
27010,1
27012,1
27016,0
27017,1
27021,1
27026,1
27033,0
27035,0
27037,1
27038,0
27040,0
27043,1
27048,1
27049,0
27051,0
27057,0
27058,0
27061,0
27068,0
27069,0
27073,1
27077,1
27082,1
27083,1
27084,1
27086,0
27088,0
27094,0
27109,0
27111,0
27116,0
27119,0
27125,1
27127,0
27133,0
27141,1
27142,0
27146,0
27147,0
27149,0
27153,1
27156,0
27158,0
27159,0
27162,0
27165,0
27166,0
27171,0
27175,0
27176,1
27180,0
27181,0
27183,1
27186,0
27187,0
27188,1
27194,0
27198,0
27206,0
27208,0
27211,0
27213,0
27225,0
27226,0
27227,0
27230,0
27233,1
27237,0
27241,0
27247,0
27251,0
27254,0
27255,0
27259,1
27262,0
27265,0
27267,0
27272,1
27275,0
27279,0
27280,0
27282,0
27283,0
27293,0
27295,0
27298,0
27299,1
27301,0
27304,1
27305,1
27309,1
27312,0
27317,0
27319,0
27320,1
27322,0
27327,0
27333,0
27334,1
27337,0
27341,1
27345,1
27349,1
27351,1
27359,1
27361,1
27363,0
27364,1
27367,0
27368,0
27372,0
27375,0
27376,0
27377,1
27379,1
27380,1
27383,0
27384,1
27385,0
27386,1
27388,0
27391,0
27394,1
27395,1
27397,1
27398,0
27401,1
27403,1
27409,0
27410,0
27414,0
27415,0
27417,1
27420,1
27423,0
27424,1
27425,0
27429,0
27431,1
27434,1
27437,0
27438,0
27445,0
27446,0
27462,1
27470,0
27472,1
27479,0
27481,1
27482,1
27483,1
27485,1
27488,1
27496,0
27500,0
27505,0
27507,0
27508,0
27512,0
27518,0
27521,0
27526,1
27530,0
27531,1
27532,1
27537,0
27539,0
27542,1
27544,1
27548,0
27551,0
27554,0
27555,1
27568,0
27569,1
27576,1
27589,0
27592,0
27595,1
27597,0
27601,1
27607,0
27608,0
27609,0
27614,1
27616,0
27621,0
27623,0
27630,0
27632,1
27633,1
27641,0
27646,0
27648,0
27655,0
27657,1
27659,0
27665,0
27668,0
27671,0
27672,0
27673,0
27674,0
27679,1
27681,1
27683,1
27684,1
27686,1
27692,0
27693,0
27694,0
27696,1
27698,1
27703,1
27708,1
27709,0
27710,0
27715,0
27717,1
27719,0
27722,0
27726,1
27730,0
27732,1
27733,0
27735,0
27741,0
27742,0
27747,1
27751,0
27758,0
27764,1
27765,0
27767,1
27768,0
27769,1
27776,0
27783,1
27786,1
27787,0
27793,0
27801,0
27804,0
27805,1
27813,0
27816,1
27819,0
27823,0
27824,0
27831,0
27835,1
27836,1
27837,0
27838,1
27839,0
27845,0
27850,0
27854,0
27856,0
27859,0
27865,0
27868,1
27869,1
27878,1
27879,1
27883,1
27884,0
27886,1
27887,0
27890,0
27892,0
27893,0
27895,0
27903,0
27908,1
27911,1
27917,1
27921,0
27922,1
27929,1
27942,0
27943,1
27951,0
27956,1
27962,0
27964,0
27968,1
27969,1
27972,1
27973,1
27978,0
27983,0
27993,0
28002,1
28005,0
28006,0
28010,0
28017,0
28020,1
28028,1
28029,0
28030,1
28037,1
28038,0
28044,1
28047,1
28048,0
28050,0
28051,0
28052,0
28054,0
28058,0
28064,1
28065,0
28067,0
28072,1
28077,0
28081,0
28085,0
28091,1
28092,1
28095,1
28098,1
28099,0
28108,1
28111,0
28113,0
28115,1
28118,0
28123,1
28124,0
28130,0
28131,0
28133,0
28142,1
28143,0
28146,0
28152,1
28153,0
28156,1
28158,0
28162,1
28163,0
28170,1
28173,0
28174,1
28177,1
28179,1
28180,0
28181,0
28185,1
28186,0
28189,0
28190,1
28192,0
28197,1
28198,0
28202,1
28203,0
28204,1
28205,1
28209,1
28210,1
28214,0
28221,1
28222,1
28227,1
28229,0
28238,0
28248,0
28255,0
28260,0
28266,1
28269,1
28271,1
28278,0
28293,0
28298,1
28305,0
28307,0
28310,1
28313,0
28316,1
28321,0
28323,0
28325,0
28326,0
28332,1
28339,0
28342,1
28343,1
28344,1
28345,1
28348,1
28352,0
28353,1
28356,0
28359,0
28366,0
28368,0
28374,1
28375,0
28380,1
28381,0
28390,1
28393,1
28394,0
28396,1
28409,1
28410,1
28412,1
28415,0
28417,1
28418,0
28419,0
28424,0
28431,1
28432,0
28433,0
28434,0
28440,1
28442,0
28443,1
28451,1
28455,1
28457,1
28458,1
28461,0
28463,0
28469,0
28470,0
28472,1
28476,0
28479,1
28480,0
28482,1
28483,1
28485,0
28487,1
28489,0
28492,0
28493,0
28496,1
28497,0
28499,1
28504,0
28505,1
28514,0
28518,0
28521,0
28522,0
28526,0
28528,0
28530,1
28536,0
28540,0
28546,1
28550,0
28551,0
28552,0
28561,0
28566,0
28567,0
28572,0
28582,1
28585,0
28586,0
28588,0
28590,1
28593,0
28596,0
28602,0
28605,0
28607,0
28611,0
28612,0
28616,0
28617,0
28631,0
28632,0
28633,1
28643,1
28644,0
28645,1
28646,0
28647,0
28651,0
28652,0
28659,0
28660,0
28661,0
28663,1
28672,1
28678,0
28680,1
28682,0
28686,1
28691,1
28695,0
28698,0
28707,1
28710,1
28722,1
28724,0
28726,1
28727,0
28728,1
28731,0
28736,0
28741,0
28749,1
28756,1
28757,1
28761,0
28765,0
28770,1
28777,0
28783,1
28785,0
28789,1
28790,1
28793,0
28794,1
28798,0
28800,0
28801,1
28807,1
28809,0
28814,0
28816,1
28818,1
28820,1
28823,0
28837,0
28839,0
28851,0
28854,1
28856,1
28857,1
28859,1
28860,1
28864,0
28865,1
28868,0
28869,1
28872,1
28874,1
28875,1
28878,0
28879,1
28882,0
28883,0
28892,0
28901,0
28905,0
28907,0
28910,1
28912,0
28914,0
28915,1
28919,1
28922,0
28925,0
28927,1
28929,1
28931,0
28932,0
28938,0
28939,0
28940,1
28941,0
28945,0
28948,1
28949,0
28950,0
28952,0
28956,0
28959,0
28969,0
28970,1
28974,1
28976,1
28978,0
28979,1
28980,0
28983,1
28985,0
28988,1
28991,1
28994,1
29001,0
29006,0
29007,0
29008,0
29009,0
29010,1
29021,1
29024,0
29025,0
29030,1
29034,0
29036,1
29041,0
29042,0
29044,0
29047,0
29048,0
29049,0
29050,1
29053,1
29067,0
29068,1
29069,0
29079,0
29083,0
29085,1
29090,0
29091,1
29093,1
29098,0
29100,0
29102,1
29103,1
29105,0
29113,1
29119,1
29125,0
29128,0
29132,0
29135,0
29138,1
29148,0
29149,0
29151,1
29152,0
29156,0
29157,0
29162,0
29167,0
29173,0
29174,0
29176,0
29177,1
29179,0
29183,1
29185,1
29187,0
29194,1
29196,0
29197,1
29198,0
29201,0
29203,1
29207,0
29209,0
29210,0
29212,1
29215,0
29223,1
29226,0
29227,0
29232,1
29238,1
29239,0
29240,0
29242,1
29244,1
29246,1
29247,0
29248,1
29250,1
29254,0
29256,1
29274,1
29276,0
29282,0
29296,1
29298,0
29307,0
29309,0
29321,1
29324,1
29325,0
29328,0
29329,0
29331,0
29334,1
29335,0
29338,0
29341,0
29343,0
29346,0
29349,1
29359,0
29363,0
29365,1
29368,1
29372,0
29374,0
29375,1
29380,0
29381,0
29383,0
29384,0
29387,1
29394,0
29399,0
29401,0
29402,0
29409,1
29415,1
29416,0
29418,1
29420,0
29421,0
29422,0
29427,0
29430,0
29431,0
29432,1
29434,1
29439,0
29445,0
29446,1
29449,0
29452,0
29456,0
29457,0
29459,0
29462,0
29463,0
29468,0
29469,0
29472,0
29474,1
29475,0
29478,1
29479,0
29481,1
29489,0
29501,0
29505,1
29506,1
29515,1
29516,1
29526,0
29527,1
29535,0
29538,1
29544,0
29545,1
29546,1
29552,0
29560,0
29561,1
29563,1
29569,1
29573,0
29574,0
29576,1
29577,1
29583,0
29584,0
29588,0
29589,0
29590,0
29595,1
29596,0
29603,1
29606,0
29607,0
29608,0
29609,0
29614,0
29621,1
29622,1
29630,1
29631,1
29636,0
29638,0
29641,1
29643,1
29658,1
29659,1
29660,1
29669,0
29670,1
29674,1
29675,1
29678,0
29681,0
29682,0
29683,1
29686,0
29687,1
29689,0
29690,0
29693,0
29696,1
29700,0
29702,1
29704,1
29708,1
29712,1
29727,0
29732,1
29734,0
29740,0
29742,0
29744,1
29748,0
29749,0
29751,0
29754,0
29756,0
29759,0
29762,1
29764,1
29771,1
29780,0
29783,1
29788,1
29789,0
29796,1
29799,0
29800,0
29801,1
29807,0
29809,0
29810,1
29814,0
29817,0
29818,1
29819,0
29821,1
29826,0
29827,1
29828,0
29831,1
29832,1
29833,1
29834,0
29841,0
29842,0
29848,1
29851,0
29852,1
29855,0
29857,0
29858,0
29866,1
29867,1
29876,1
29879,0
29880,1
29882,0
29883,0
29886,0
29890,0
29891,0
29892,1
29894,1
29895,0
29899,0
29900,0
29901,1
29906,0
29908,0
29913,1
29923,1
29926,0
29927,0
29930,1
29933,0
29934,0
29935,0
29938,1
29942,0
29943,0
29951,1
29961,1
29962,0
29965,0
29966,1
29970,0
29971,0
29975,0
29983,1
29986,0
29989,1
29991,0
29998,0
29999,0
30001,0
30008,0
30011,0
30016,0
30019,1
30022,1
30029,0
30033,1
30034,1
30039,1
30041,1
30042,0
30054,1
30057,1
30059,0
30062,0
30065,0
30066,0
30068,0
30070,0
30073,0
30075,1
30076,1
30077,1
30081,0
30083,0
30084,0
30085,1
30092,1
30097,1
30100,0
30106,1
30107,1
30108,0
30116,1
30121,0
30128,1
30135,0
30136,0
30137,1
30140,0
30141,0
30153,1
30154,1
30156,0
30166,0
30167,1
30168,1
30174,0
30176,0
30189,0
30190,0
30191,1
30192,0
30193,0
30205,0
30207,0
30211,0
30213,0
30214,1
30216,1
30217,0
30220,0
30227,0
30228,0
30248,1
30249,0
30251,1
30252,0
30254,1
30255,1
30257,1
30259,0
30260,0
30262,0
30267,1
30269,1
30270,0
30271,0
30281,1
30283,0
30284,0
30291,1
30297,1
30303,1
30308,1
30311,0
30321,1
30322,1
30324,0
30325,1
30331,1
30332,0
30333,0
30344,0
30345,0
30349,0
30362,0
30363,0
30364,1
30365,0
30366,1
30367,1
30370,1
30371,0
30372,0
30375,1
30385,0
30386,0
30387,0
30391,1
30404,1
30405,1
30417,1
30418,1
30420,0
30423,0
30424,0
30425,0
30429,1
30433,1
30434,1
30435,1
30436,0
30437,1
30439,0
30443,1
30444,1
30445,1
30447,0
30448,1
30456,1
30461,0
30463,0
30466,0
30467,0
30469,0
30474,1
30478,0
30479,0
30483,0
30484,0
30485,1
30488,0
30490,1
30492,0
30496,0
30501,1
30502,1
30504,1
30506,0
30507,0
30510,1
30518,1
30520,1
30522,1
30523,0
30524,0
30528,0
30530,0
30533,1
30534,1
30540,1
30546,0
30559,0
30560,1
30568,0
30573,1
30574,1
30575,1
30579,0
30584,1
30585,0
30586,1
30587,1
30592,0
30599,0
30609,0
30616,1
30627,1
30628,1
30631,0
30632,1
30634,1
30638,1
30639,1
30641,0
30642,0
30644,1
30652,0
30653,0
30655,0
30657,1
30664,1
30665,0
30670,1
30674,0
30678,0
30679,1
30682,1
30685,0
30690,0
30694,0
30695,0
30702,1
30706,1
30709,0
30722,0
30730,0
30735,0
30743,1
30744,0
30746,0
30750,0
30754,1
30758,0
30762,0
30766,1
30770,0
30771,1
30775,0
30776,0
30781,0
30782,1
30783,0
30785,1
30797,1
30804,1
30808,0
30812,0
30815,1
30816,0
30818,1
30819,1
30825,0
30828,0
30831,0
30836,0
30839,0
30842,1
30843,1
30847,1
30848,0
30849,0
30859,1
30863,0
30867,0
30869,0
30870,1
30871,1
30873,1
30878,0
30882,0
30888,1
30890,0
30891,1
30893,0
30894,0
30895,1
30898,0
30902,1
30905,1
30906,0
30909,1
30910,0
30914,1
30915,0
30916,0
30921,0
30942,1
30946,0
30948,0
30956,1
30957,0
30960,0
30970,0
30974,1
30979,1
30986,1
30989,1
30991,0
31002,1
31004,1
31005,1
31007,0
31008,0
31010,1
31011,0
31015,0
31016,0
31018,0
31020,0
31032,0
31043,1
31047,0
31049,1
31053,0
31054,0
31056,0
31063,1
31064,1
31066,1
31069,0
31071,1
31077,1
31083,0
31085,0
31088,0
31090,1
31092,1
31097,0
31100,0
31104,0
31105,0
31108,0
31109,1
31112,0
31118,1
31121,0
31123,0
31124,1
31133,0
31135,1
31136,0
31140,1
31141,1
31142,0
31143,0
31147,0
31148,0
31150,0
31155,0
31157,0
31167,1
31168,0
31170,1
31175,1
31178,1
31179,0
31182,0
31183,0
31184,1
31186,0
31188,0
31192,1
31194,1
31198,0
31202,1
31205,1
31212,0
31215,1
31216,1
31217,0
31219,0
31224,0
31225,0
31229,0
31232,0
31234,1
31238,0
31243,0
31245,0
31246,1
31247,0
31260,0
31261,0
31272,0
31273,0
31275,1
31276,1
31280,0
31285,1
31290,0
31293,0
31296,0
31300,1
31305,1
31308,1
31310,1
31311,0
31312,1
31317,0
31318,1
31319,0
31320,0
31321,1
31329,0
31331,0
31334,0
31337,0
31345,1
31349,0
31351,1
31354,0
31357,1
31361,1
31364,1
31368,0
31377,1
31378,0
31389,0
31390,0
31394,0
31396,1
31397,1
31398,1
31399,0
31404,1
31406,1
31407,1
31409,0
31411,1
31412,0
31414,1
31417,1
31419,0
31421,1
31422,1
31423,0
31424,1
31425,1
31429,0
31430,1
31431,0
31433,0
31437,0
31439,0
31441,1
31444,1
31445,0
31448,0
31449,0
31450,1
31452,0
31455,0
31457,1
31461,1
31462,0
31475,0
31476,0
31480,1
31481,0
31485,0
31486,1
31488,1
31490,1
31496,0
31501,0
31507,0
31513,0
31515,0
31518,0
31520,1
31523,1
31529,0
31530,0
31534,0
31536,0
31544,0
31559,1
31568,1
31573,1
31575,0
31577,0
31578,0
31581,0
31582,0
31585,0
31590,0
31592,1
31596,1
31606,1
31608,0
31609,0
31619,0
31620,1
31621,0
31622,0
31625,0
31639,0
31640,0
31642,0
31645,1
31649,0
31653,0
31666,1
31673,0
31675,0
31682,0
31688,0
31689,0
31691,0
31692,0
31699,1
31708,0
31709,0
31713,1
31715,1
31722,0
31730,0
31731,0
31735,0
31736,0
31738,1
31742,0
31744,0
31749,0
31755,1
31756,1
31758,0
31764,1
31767,0
31768,1
31770,0
31772,0
31774,1
31775,0
31785,0
31786,1
31795,0
31811,0
31812,0
31816,0
31824,0
31825,0
31829,1
31834,0
31835,1
31847,1
31848,0
31850,0
31852,0
31860,0
31861,0
31865,1
31868,0
31869,0
31870,0
31874,0
31876,0
31886,0
31888,1
31889,0
31891,0
31909,1
31911,0
31913,0
31915,0
31918,1
31919,0
31921,1
31924,0
31927,0
31931,1
31932,0
31934,0
31935,0
31937,1
31939,0
31941,1
31950,0
31951,0
31954,0
31956,0
31959,1
31962,1
31969,0
31974,0
31977,1
31978,0
31983,0
31984,0
31985,0
31995,1
31996,1
31998,0
32000,0
32001,0
32006,0
32007,0
32011,0
32012,0
32013,0
32015,0
32016,1
32017,0
32019,0
32025,0
32026,1
32027,0
32029,0
32030,0
32031,1
32032,1
32034,1
32035,0
32036,0
32038,0
32051,0
32056,0
32058,0
32060,0
32061,1
32067,1
32068,1
32072,0
32077,1
32080,0
32090,1
32093,0
32094,1
32096,1
32097,1
32098,0
32099,0
32104,1
32107,0
32115,0
32119,0
32121,1
32125,0
32134,0
32135,0
32139,0
32140,1
32143,1
32145,0
32146,0
32147,1
32152,0
32154,1
32159,1
32161,1
32162,0
32164,0
32166,0
32171,0
32173,0
32178,0
32179,1
32180,0
32187,1
32189,0
32200,1
32203,1
32205,0
32206,0
32211,0
32214,0
32215,1
32217,0
32220,0
32222,1
32229,1
32233,0
32239,0
32243,1
32245,1
32247,0
32249,1
32251,0
32255,0
32256,0
32258,0
32262,0
32265,1
32268,0
32273,0
32277,0
32284,0
32285,1
32287,0
32290,1
32293,0
32294,1
32296,1
32301,0
32302,0
32311,1
32313,1
32318,1
32323,0
32325,0
32328,0
32330,1
32331,0
32339,1
32340,0
32342,1
32351,1
32354,0
32355,0
32356,0
32360,0
32364,0
32365,0
32371,0
32378,1
32383,1
32384,1
32387,0
32388,0
32391,0
32394,0
32398,1
32400,1
32401,1
32402,0
32410,1
32412,1
32413,1
32415,0
32417,1
32418,1
32419,1
32420,0
32427,0
32430,0
32437,1
32438,0
32442,0
32445,1
32446,1
32448,0
32450,0
32451,0
32452,1
32453,0
32459,0
32460,0
32463,1
32465,1
32471,1
32472,0
32474,1
32475,0
32476,0
32478,0
32479,0
32480,0
32482,1
32485,0
32486,0
32492,1
32493,0
32497,0
32500,0
32503,0
32513,1
32518,0
32519,1
32520,1
32522,1
32523,1
32527,0
32528,0
32529,0
32530,0
32531,1
32536,1
32537,0
32540,1
32545,1
32547,0
32549,0
32550,1
32552,1
32555,0
32558,0
32561,0
32562,0
32565,1
32567,0
32568,0
32571,0
32573,0
32576,0
32580,0
32584,0
32587,0
32593,0
32594,1
32595,1
32599,0
32602,1
32604,0
32605,0
32610,1
32614,0
32623,1
32635,1
32641,0
32644,1
32645,0
32646,0
32649,1
32650,0
32651,0
32655,1
32661,1
32662,1
32667,0
32672,1
32674,0
32675,0
32679,0
32688,1
32691,0
32693,0
32695,1
32698,1
32699,1
32701,0
32702,1
32704,1
32713,1
32715,0
32721,1
32723,0
32725,0
32726,0
32728,0
32739,0
32741,0
32745,0
32750,1
32751,1
32754,0
32762,1
32763,0
32764,1
32769,1
32772,0
32780,0
32781,0
32783,1
32784,0
32786,1
32797,1
32800,1
32802,0
32812,1
32813,1
32814,0
32816,0
32818,1
32819,1
32824,1
32825,1
32827,0
32829,0
32832,0
32833,1
32835,1
32836,1
32837,0
32842,0
32845,1
32848,0
32850,1
32851,0
32856,0
32860,0
32864,1
32866,0
32868,0
32872,1
32874,0
32877,0
32881,1
32883,1
32885,0
32889,0
32890,1
32891,0
32898,0
32900,1
32902,0
32908,1
32913,0
32918,1
32923,1
32930,0
32937,0
32939,0
32941,0
32942,1
32943,1
32945,0
32948,0
32953,0
32961,0
32964,0
32967,1
32969,0
32970,0
32973,0
32974,0
32976,0
32978,0
32988,0
32993,0
33000,0
33002,1
33003,0
33004,0
33006,0
33010,0
33011,0
33012,1
33014,0
33017,0
33024,1
33029,0
33038,0
33051,1
33054,1
33061,1
33062,0
33063,0
33064,0
33065,1
33066,0
33067,1
33068,1
33069,0
33071,0
33074,0
33075,0
33079,0
33080,0
33082,1
33087,0
33089,0
33094,0
33095,1
33098,1
33104,1
33106,0
33108,0
33110,0
33111,0
33112,0
33121,1
33130,0
33131,1
33133,0
33141,1
33144,0
33146,1
33152,0
33154,0
33158,0
33159,1
33160,0
33162,0
33165,1
33167,0
33169,0
33173,0
33174,0
33177,0
33181,1
33186,0
33189,0
33190,0
33192,0
33198,0
33201,0
33203,0
33207,0
33210,0
33212,1
33213,0
33215,0
33221,0
33222,0
33224,1
33225,1
33227,0
33228,0
33229,0
33230,1
33234,1
33236,0
33242,0
33243,0
33247,1
33248,0
33250,0
33251,0
33253,1
33254,0
33256,0
33257,1
33259,1
33261,1
33264,0
33265,0
33269,0
33270,0
33272,0
33277,1
33278,1
33282,0
33286,0
33287,1
33288,1
33292,0
33296,0
33298,0
33300,0
33301,0
33302,1
33303,0
33304,0
33310,1
33315,1
33316,0
33318,1
33320,0
33321,0
33325,0
33332,0
33334,0
33336,1
33337,1
33340,1
33342,1
33344,0
33347,1
33353,0
33356,0
33357,1
33360,0
33361,0
33363,0
33366,0
33369,0
33377,0
33379,0
33386,1
33390,0
33392,0
33393,0
33399,0
33402,0
33404,0
33405,0
33408,1
33411,1
33412,0
33416,0
33423,1
33424,0
33434,0
33435,1
33436,1
33439,0
33441,0
33442,0
33446,1
33447,0
33448,1
33455,1
33457,0
33465,0
33468,1
33470,1
33471,0
33473,1
33477,0
33478,0
33479,1
33480,0
33481,0
33484,0
33486,1
33488,0
33489,0
33490,0
33491,1
33494,0
33503,0
33516,1
33518,1
33520,1
33522,1
33530,1
33533,0
33534,0
33536,1
33541,0
33544,1
33545,1
33552,0
33560,0
33561,1
33562,0
33571,1
33576,0
33579,0
33581,0
33582,1
33585,1
33586,1
33588,0
33600,0
33603,0
33606,0
33607,0
33609,0
33613,1
33619,0
33623,0
33624,1
33625,0
33636,1
33643,1
33644,0
33646,0
33648,1
33649,1
33666,0
33667,1
33677,1
33680,1
33685,0
33686,1
33695,1
33696,1
33700,0
33703,1
33709,0
33711,1
33712,0
33713,0
33715,0
33716,0
33721,1
33728,0
33729,0
33745,0
33752,0
33753,0
33758,1
33759,0
33760,0
33763,1
33765,0
33767,1
33768,1
33771,0
33777,0
33782,1
33789,0
33790,0
33791,1
33793,0
33797,0
33805,0
33807,1
33808,0
33811,0
33813,0
33816,1
33817,1
33821,0
33823,0
33829,1
33833,0
33844,1
33846,1
33847,1
33849,0
33850,0
33852,1
33853,0
33859,0
33864,0
33865,0
33867,0
33872,0
33873,1
33880,0
33883,1
33890,0
33900,0
33901,0
33906,0
33907,1
33910,0
33916,0
33922,0
33926,0
33927,0
33933,0
33939,1
33940,1
33941,1
33942,0
33943,0
33945,0
33948,1
33950,0
33957,0
33965,1
33968,0
33972,1
33973,1
33974,1
33975,0
33980,0
33984,0
33989,0
33992,0
33998,0
34000,0
34002,0
34004,1
34005,1
34011,0
34013,0
34014,1
34018,1
34021,1
34022,1
34024,0
34025,0
34036,1
34037,1
34040,1
34042,1
34044,0
34046,0
34047,0
34049,0
34050,0
34053,1
34058,0
34059,1
34065,1
34070,1
34076,0
34077,0
34079,0
34080,1
34093,0
34100,0
34102,1
34104,0
34108,0
34109,1
34110,0
34112,1
34114,0
34115,1
34117,0
34126,1
34129,0
34131,0
34134,1
34147,1
34148,0
34150,0
34155,0
34159,1
34160,0
34162,0
34165,0
34167,1
34172,0
34173,0
34180,0
34187,0
34189,1
34193,0
34195,0
34201,0
34208,0
34209,0
34211,0
34215,0
34223,0
34228,1
34231,0
34234,0
34238,0
34239,0
34240,0
34241,0
34242,1
34244,0
34245,0
34247,0
34251,0
34253,0
34254,1
34255,1
34257,1
34259,0
34263,0
34266,1
34269,0
34270,0
34271,0
34274,0
34275,1
34277,0
34281,0
34288,1
34292,0
34295,0
34296,0
34297,0
34299,0
34303,0
34316,0
34317,0
34318,0
34320,1
34322,1
34324,0
34329,0
34330,0
34331,1
34333,0
34334,0
34341,0
34342,0
34344,0
34349,0
34351,0
34355,0
34359,1
34364,0
34365,0
34368,0
34375,1
34377,0
34380,1
34387,1
34390,0
34393,0
34394,0
34397,1
34405,0
34408,0
34410,0
34411,1
34412,0
34418,0
34422,0
34427,1
34429,0
34432,0
34439,0
34440,0
34443,1
34444,0
34454,0
34462,1
34463,1
34471,1
34484,1
34488,0
34489,0
34497,0
34499,0
34500,0
34501,1
34506,0
34508,0
34510,0
34516,0
34526,0
34536,0
34539,0
34542,0
34543,1
34545,0
34546,0
34550,1
34556,0
34557,0
34558,0
34559,0
34560,0
34561,0
34568,0
34569,0
34572,1
34579,1
34581,0
34584,1
34585,0
34586,0
34593,0
34597,1
34598,0
34600,0
34601,0
34606,0
34611,0
34612,0
34614,0
34615,0
34619,0
34623,1
34625,1
34629,1
34631,0
34634,1
34635,0
34641,0
34647,1
34649,0
34651,1
34653,0
34657,0
34661,1
34663,0
34668,1
34669,1
34670,0
34672,1
34675,0
34676,0
34683,0
34684,0
34694,1
34708,0
34715,0
34716,0
34717,1
34718,0
34719,0
34729,0
34735,0
34736,0
34737,1
34741,0
34743,1
34744,0
34746,0
34747,0
34750,1
34751,1
34759,1
34760,0
34763,0
34766,0
34767,1
34768,0
34770,1
34776,0
34781,1
34783,0
34787,0
34791,0
34793,0
34796,1
34803,0
34807,0
34808,0
34810,1
34812,0
34813,0
34815,1
34819,1
34822,0
34825,0
34827,1
34828,0
34829,1
34830,1
34831,0
34835,1
34848,1
34850,0
34858,0
34860,0
34861,1
34863,1
34866,0
34870,1
34873,0
34874,0
34876,0
34883,0
34887,0
34888,0
34903,0
34909,0
34910,0
34911,0
34913,0
34917,0
34923,1
34925,0
34937,1
34944,0
34945,0
34947,0
34948,0
34949,1
34954,1
34955,0
34957,0
34958,0
34959,1
34960,1
34975,0
34978,1
34982,0
34987,1
34989,0
34991,0
34993,0
34995,0
34998,0
35007,1
35009,0
35016,0
35017,0
35021,0
35022,0
35025,0
35027,0
35028,0
35042,0
35053,1
35054,0
35064,0
35067,0
35068,0
35069,0
35073,1
35077,1
35084,0
35088,1
35093,1
35095,0
35100,0
35102,0
35103,0
35119,0
35124,0
35132,0
35135,0
35139,0
35140,0
35144,0
35145,0
35148,0
35151,0
35162,0
35163,0
35168,1
35169,0
35171,0
35174,0
35175,0
35176,1
35178,0
35180,0
35187,0
35191,0
35192,0
35194,1
35198,1
35203,1
35205,0
35206,1
35208,1
35213,1
35215,0
35217,0
35222,0
35225,0
35237,0
35238,0
35241,0
35242,0
35243,0
35247,1
35248,0
35256,1
35262,1
35264,0
35266,0
35269,1
35270,1
35273,0
35274,0
35275,0
35278,0
35279,0
35286,0
35295,1
35305,0
35309,1
35311,0
35312,0
35316,0
35320,0
35321,0
35323,0
35331,0
35337,0
35342,1
35343,0
35350,0
35356,0
35358,0
35363,1
35365,0
35371,1
35374,0
35378,0
35383,0
35389,0
35391,0
35392,0
35395,1
35399,0
35402,0
35406,1
35407,1
35410,0
35420,0
35421,1
35422,1
35427,1
35433,0
35435,1
35441,0
35442,1
35448,0
35449,0
35450,0
35453,1
35454,1
35459,1
35460,1
35463,0
35468,0
35470,0
35475,1
35476,0
35478,0
35488,1
35489,0
35493,0
35494,1
35495,0
35499,1
35507,0
35508,0
35512,1
35519,0
35520,0
35521,1
35525,0
35530,1
35539,0
35541,0
35543,0
35545,1
35549,0
35551,0
35552,1
35553,0
35559,1
35560,0
35561,1
35573,0
35574,0
35575,1
35578,0
35579,1
35582,1
35583,0
35584,0
35588,0
35590,0
35592,1
35594,0
35599,0
35602,0
35616,0
35618,0
35620,0
35621,1
35622,0
35623,0
35624,1
35626,0
35633,0
35640,0
35642,1
35643,0
35647,0
35652,1
35653,0
35657,0
35661,0
35665,0
35666,0
35670,0
35671,0
35672,0
35673,0
35677,1
35684,0
35686,0
35688,1
35691,1
35696,0
35699,1
35700,0
35701,0
35706,1
35708,1
35709,0
35723,0
35725,1
35726,1
35728,0
35731,0
35732,0
35734,1
35737,0
35738,0
35748,1
35751,1
35752,0
35753,0
35754,0
35755,0
35760,0
35765,0
35766,1
35771,1
35776,0
35777,0
35779,0
35782,0
35786,1
35794,1
35795,0
35804,0
35805,1
35807,1
35808,0
35810,0
35812,0
35814,0
35823,1
35824,0
35825,1
35830,1
35831,0
35835,0
35837,0
35838,0
35839,0
35844,0
35847,0
35848,0
35851,0
35852,0
35855,1
35859,1
35863,0
35865,0
35873,1
35878,1
35879,1
35882,1
35893,0
35894,0
35897,0
35899,1
35902,0
35903,0
35904,1
35907,0
35908,1
35911,1
35914,0
35916,0
35917,0
35919,1
35923,0
35927,1
35935,0
35936,0
35946,0
35947,1
35948,0
35951,1
35953,1
35960,0
35963,0
35964,0
35966,0
35975,1
35982,1
35986,0
35989,1
35990,0
35992,0
35994,1
35998,0
36003,1
36008,0
36009,0
36013,1
36015,0
36016,0
36019,0
36022,1
36030,1
36031,1
36033,0
36034,0
36038,1
36044,0
36050,0
36057,0
36061,0
36062,0
36063,0
36065,0
36070,1
36072,0
36078,0
36079,1
36080,0
36090,1
36094,0
36096,0
36099,0
36103,1
36104,0
36105,0
36106,0
36110,0
36117,1
36119,1
36120,0
36123,1
36130,1
36131,0
36138,1
36141,0
36143,0
36145,1
36146,0
36158,0
36163,0
36165,0
36167,0
36170,0
36179,1
36191,0
36193,0
36195,1
36196,1
36199,1
36208,0
36213,0
36223,1
36224,1
36227,0
36228,1
36229,0
36231,0
36233,0
36236,0
36246,0
36247,1
36252,1
36254,1
36259,0
36262,1
36264,0
36273,1
36276,0
36278,0
36281,1
36290,0
36291,1
36300,1
36305,0
36309,0
36317,0
36324,0
36329,0
36331,1
36332,1
36336,0
36338,0
36342,1
36343,1
36344,0
36347,0
36350,0
36351,0
36352,0
36353,0
36361,0
36366,0
36371,0
36372,0
36375,0
36376,0
36378,1
36379,1
36381,1
36382,0
36384,0
36385,1
36387,1
36389,0
36391,1
36393,0
36395,0
36396,0
36400,1
36401,0
36408,1
36409,0
36410,1
36414,1
36418,1
36429,1
36433,0
36440,0
36441,1
36443,1
36451,0
36457,0
36460,1
36465,1
36466,1
36472,1
36473,0
36476,0
36477,1
36478,0
36481,0
36485,1
36491,1
36495,1
36497,0
36499,0
36501,0
36502,0
36504,0
36506,0
36517,0
36519,0
36523,0
36532,0
36535,0
36538,0
36541,0
36543,0
36545,0
36546,0
36547,0
36553,0
36554,0
36555,0
36560,0
36565,0
36570,0
36572,1
36574,0
36576,1
36579,0
36587,0
36590,0
36594,0
36595,0
36598,0
36599,0
36602,0
36609,1
36614,1
36618,0
36619,0
36623,0
36629,0
36630,0
36634,0
36636,0
36640,0
36642,0
36646,0
36650,0
36654,0
36655,0
36660,1
36666,1
36667,0
36674,0
36675,0
36678,0
36683,0
36687,0
36693,1
36695,0
36696,0
36701,0
36702,1
36703,0
36708,0
36712,0
36713,0
36717,0
36718,0
36719,0
36720,0
36723,0
36724,0
36729,0
36731,0
36733,0
36734,0
36739,0
36742,0
36747,1
36755,0
36756,0
36761,0
36764,0
36766,1
36767,0
36768,0
36771,0
36772,1
36780,0
36792,0
36794,0
36795,0
36801,0
36809,0
36821,0
36822,0
36825,0
36830,0
36832,1
36837,1
36838,1
36841,0
36845,0
36847,0
36851,0
36852,0
36858,1
36864,0
36866,0
36868,0
36870,1
36874,0
36880,0
36882,0
36884,0
36885,1
36888,0
36890,0
36891,0
36894,0
36895,0
36896,1
36899,1
36900,1
36901,1
36906,1
36910,0
36913,1
36919,0
36928,1
36930,0
36933,1
36934,1
36935,1
36936,1
36938,1
36939,1
36955,0
36957,0
36965,0
36967,1
36971,0
36973,0
36978,0
36991,1
36992,1
36993,0
37001,1
37004,1
37005,0
37006,1
37023,1
37026,0
37027,0
37034,0
37041,0
37042,1
37047,0
37048,0
37063,0
37069,1
37072,0
37074,0
37077,0
37078,0
37079,1
37088,0
37089,0
37091,1
37096,1
37100,0
37101,0
37106,1
37114,0
37115,1
37118,1
37120,1
37122,0
37125,0
37142,1
37145,0
37155,0
37157,1
37164,0
37165,0
37166,1
37171,1
37172,0
37173,0
37179,1
37184,0
37186,0
37189,0
37198,0
37202,1
37203,0
37205,0
37206,0
37218,0
37222,0
37227,0
37229,1
37230,0
37232,0
37233,0
37236,1
37245,0
37246,0
37247,0
37248,0
37251,1
37261,0
37263,1
37268,0
37269,0
37271,0
37276,1
37278,0
37281,1
37286,0
37291,0
37292,1
37294,1
37296,0
37298,1
37300,1
37301,0
37302,0
37303,0
37306,0
37307,1
37310,0
37316,0
37318,0
37321,0
37322,0
37326,1
37327,0
37331,1
37333,0
37334,0
37335,1
37336,0
37337,0
37339,0
37341,0
37343,1
37346,0
37347,1
37349,0
37350,1
37356,0
37363,1
37370,1
37371,0
37372,1
37378,0
37381,0
37382,1
37383,0
37390,0
37396,0
37397,1
37403,1
37404,1
37405,1
37406,0
37416,0
37417,0
37418,0
37419,1
37422,0
37430,1
37431,1
37432,1
37435,0
37436,0
37438,0
37440,0
37443,1
37446,1
37447,0
37449,0
37450,1
37453,1
37455,1
37456,1
37458,1
37469,0
37471,0
37473,1
37476,0
37481,0
37487,0
37488,0
37496,0
37498,0
37499,0
37500,0
37507,0
37509,1
37511,0
37513,0
37515,0
37517,1
37518,0
37520,1
37522,1
37523,0
37527,0
37531,1
37532,0
37534,0
37540,1
37541,1
37546,0
37547,0
37553,0
37554,1
37561,0
37563,0
37565,0
37568,0
37572,1
37579,0
37580,0
37581,1
37582,1
37584,0
37585,0
37588,0
37593,0
37596,0
37599,0
37603,1
37605,0
37607,0
37608,0
37626,1
37628,0
37632,0
37635,0
37641,0
37644,0
37648,1
37650,0
37651,0
37653,1
37657,1
37658,0
37662,0
37663,0
37675,1
37684,0
37688,0
37690,0
37694,1
37697,0
37709,1
37713,1
37716,0
37717,0
37721,0
37725,1
37731,0
37733,0
37737,1
37740,0
37743,1
37744,0
37748,0
37752,0
37753,0
37754,1
37757,1
37765,0
37771,0
37773,1
37776,0
37777,0
37781,0
37782,0
37783,1
37790,1
37798,1
37800,1
37804,0
37806,0
37809,0
37812,0
37823,0
37825,0
37828,0
37834,0
37837,0
37839,0
37844,0
37845,0
37847,0
37850,1
37852,1
37862,1
37867,0
37868,0
37869,0
37873,0
37875,0
37878,0
37880,1
37884,0
37887,0
37888,1
37889,0
37890,0
37891,1
37892,0
37893,0
37895,0
37901,1
37902,0
37904,1
37908,0
37909,1
37915,1
37917,0
37918,0
37920,1
37922,0
37923,1
37925,0
37927,1
37929,0
37931,0
37934,1
37936,1
37938,1
37941,1
37943,0
37947,0
37949,0
37950,0
37953,0
37956,1
37957,0
37960,1
37965,0
37970,1
37973,1
37974,0
37975,0
37977,0
37978,0
37984,0
37991,1
37996,0
38008,0
38009,0
38010,0
38015,0
38016,1
38017,1
38020,1
38021,1
38024,0
38026,1
38031,1
38032,0
38033,0
38035,1
38037,0
38038,1
38043,0
38049,1
38050,0
38052,0
38055,1
38059,0
38062,0
38070,0
38073,0
38075,0
38079,0
38081,0
38091,1
38092,0
38101,1
38103,0
38104,0
38108,0
38111,0
38118,0
38121,0
38122,0
38131,0
38133,0
38134,0
38136,0
38142,0
38144,0
38148,1
38150,0
38151,0
38155,1
38158,0
38160,1
38161,1
38166,1
38167,0
38168,0
38170,0
38171,0
38174,1
38176,0
38178,0
38181,1
38185,0
38187,0
38188,0
38189,0
38190,1
38197,0
38199,1
38208,1
38215,0
38217,1
38218,0
38220,0
38221,0
38224,0
38225,0
38228,0
38233,0
38234,0
38239,1
38240,1
38246,1
38247,0
38260,1
38267,1
38268,0
38274,0
38275,1
38276,0
38277,1
38286,0
38288,0
38291,0
38294,0
38295,1
38300,0
38303,0
38304,1
38309,1
38310,1
38313,0
38314,1
38316,1
38317,0
38318,1
38321,0
38326,0
38329,1
38331,0
38332,0
38335,0
38336,0
38340,1
38344,1
38346,0
38347,0
38348,1
38350,0
38351,0
38364,0
38365,1
38366,0
38368,1
38378,1
38380,1
38381,0
38384,0
38393,0
38394,0
38398,0
38401,0
38403,1
38408,0
38410,1
38413,0
38415,1
38417,0
38418,0
38423,1
38425,0
38426,0
38427,0
38428,0
38429,1
38440,0
38443,0
38447,0
38448,0
38449,0
38451,0
38452,1
38453,0
38459,0
38461,0
38464,0
38473,0
38474,0
38475,0
38482,0
38487,0
38491,0
38495,1
38496,1
38509,0
38515,0
38516,0
38517,0
38519,0
38520,1
38522,1
38526,1
38527,0
38530,0
38542,0
38546,1
38551,1
38554,0
38556,0
38557,0
38564,1
38567,1
38568,0
38577,0
38578,0
38579,0
38580,1
38581,0
38593,1
38605,1
38607,1
38608,0
38609,0
38618,1
38619,0
38620,0
38625,1
38630,0
38639,0
38641,0
38648,0
38653,0
38655,0
38657,0
38658,0
38665,0
38666,1
38667,1
38668,0
38669,0
38671,1
38672,1
38673,1
38674,0
38677,0
38679,0
38680,0
38688,0
38689,1
38693,1
38695,0
38698,1
38699,0
38700,0
38706,0
38707,0
38710,0
38714,0
38719,1
38720,1
38722,1
38727,0
38729,0
38730,0
38736,0
38740,1
38744,0
38745,0
38762,0
38766,1
38768,1
38770,0
38781,0
38782,1
38783,1
38784,0
38785,0
38789,1
38790,0
38792,0
38798,1
38803,0
38804,0
38805,0
38811,0
38814,0
38820,0
38821,0
38824,0
38829,0
38831,0
38833,1
38839,0
38841,0
38843,0
38846,0
38854,0
38855,0
38857,0
38859,1
38861,0
38867,0
38871,0
38873,0
38883,1
38884,0
38889,0
38892,1
38896,0
38897,1
38899,0
38906,0
38907,0
38910,0
38913,0
38915,0
38920,0
38922,0
38926,1
38932,0
38933,1
38934,0
38939,1
38941,0
38942,1
38944,0
38947,0
38965,1
38968,1
38970,1
38976,0
38977,1
38982,0
38984,0
38990,0
38991,0
38996,0
38997,0
39011,0
39013,0
39014,0
39024,0
39027,1
39034,0
39036,0
39037,0
39038,0
39039,1
39044,0
39045,1
39053,0
39065,0
39067,0
39071,0
39077,0
39079,0
39081,0
39084,0
39085,0
39087,1
39095,0
39096,1
39097,1
39100,0
39102,1
39108,1
39125,0
39127,1
39128,1
39131,1
39135,0
39145,0
39147,0
39148,1
39149,0
39150,0
39156,1
39159,1
39161,1
39164,1
39165,0
39167,0
39169,0
39174,0
39180,0
39182,0
39187,0
39188,1
39190,0
39192,0
39197,0
39201,0
39203,0
39204,1
39205,0
39211,0
39213,1
39224,0
39228,1
39230,0
39233,0
39236,1
39237,1
39238,0
39239,1
39241,1
39249,1
39250,0
39251,0
39254,0
39255,0
39257,0
39258,0
39261,0
39262,0
39263,0
39264,0
39268,0
39280,0
39283,0
39284,1
39286,0
39288,1
39289,0
39293,0
39296,0
39297,0
39307,0
39309,1
39311,0
39312,0
39315,0
39318,1
39321,1
39322,0
39326,0
39329,0
39330,1
39334,0
39338,0
39349,1
39350,1
39351,0
39353,0
39363,1
39382,0
39386,0
39391,1
39392,0
39394,1
39396,1
39398,0
39399,0
39401,1
39403,0
39407,0
39408,0
39411,0
39412,0
39414,1
39417,1
39418,0
39419,1
39420,0
39424,0
39434,1
39436,0
39438,1
39440,0
39443,0
39444,0
39453,1
39454,0
39455,0
39457,0
39459,0
39460,0
39461,0
39462,0
39465,1
39466,0
39474,1
39476,0
39477,1
39478,1
39479,0
39480,0
39496,1
39500,0
39503,1
39505,1
39506,0
39507,1
39516,0
39518,0
39519,0
39520,0
39522,0
39529,0
39533,0
39534,0
39535,0
39536,0
39537,0
39538,1
39539,1
39550,0
39551,0
39552,0
39556,0
39557,1
39561,1
39564,0
39565,0
39571,0
39576,1
39578,0
39580,0
39583,0
39584,0
39587,1
39589,1
39596,0
39607,0
39608,1
39610,0
39613,0
39629,0
39632,0
39634,0
39637,1
39640,0
39641,1
39642,1
